Gene,LogFC,PValue,FDR
PTGDS,0.3753975714435249,1.22311404029633e-10,2.660884594664665e-06
DGKK,0.2180995917512831,2.0887048085076405e-08,0.0001310722464949
KIAA0319L,0.1962608081231023,2.5975666996093143e-08,0.0001310722464949
KIR2DL3,0.2493906207474081,3.4149428194559915e-08,0.0001310722464949
PPP4C,0.2069763006385407,3.542186321502369e-08,0.0001310722464949
LILRB1,0.2157334554590173,3.614955086048975e-08,0.0001310722464949
MBOAT7,0.1867748665340745,6.137135535511563e-08,0.0001903822680201
LRRC25,0.2812083115251749,7.000956764702456e-08,0.0001903822680201
KIR2DL1,0.2310232387731599,9.570813530834438e-08,0.0002313478315147
TNFAIP2,0.2077263686799941,1.7619319145968332e-07,0.0003496837314286
LSP1,0.2496967026065082,1.7681089614868353e-07,0.0003496837314286
ABHD2,0.2257545552880433,2.022316514304997e-07,0.0003666291314058
RHOG,0.224625143933844,2.5322109326922946e-07,0.0004237557603132
APOBR,0.2471538783628188,2.861132832167417e-07,0.0004249570798029
IFITM3,0.1741280435465277,2.930064903260801e-07,0.0004249570798029
ADGRG3,0.3209608290589347,3.5781564896280975e-07,0.0004701915155541
SH2B2,0.2340833246100695,3.678964727834952e-07,0.0004701915155541
HLA-C,0.1089258609860799,3.890345796357395e-07,0.0004701915155541
PLOD1,0.2002808751177633,4.725326717416621e-07,0.0005410499091442
MGRN1,0.1861656652360519,5.107534864173448e-07,0.0005435184958821
PLIN3,0.2200942740500355,5.246558682383531e-07,0.0005435184958821
IKBKG,0.1091790013608289,6.90887965877679e-07,0.0006831939862576
RAB3D,0.1645985344917822,7.854723551214768e-07,0.000742954395029
LOC102724984,0.1597952266303774,8.390418900511818e-07,0.0007498919641179
TRAFD1,0.1195058934366173,9.017984172149502e-07,0.0007498919641179
ZYX,0.3188360515021475,9.1598086135629e-07,0.0007498919641179
TPD52L2,0.1816583062912169,9.306864183491384e-07,0.0007498919641179
SLC15A3,0.213192902753061,1.028123862184334e-06,0.0007888014258782
ILK,0.1508625353292156,1.0514935118578645e-06,0.0007888014258782
C15orf39,0.2150975400397774,1.1143219427981452e-06,0.0008080691288524
TNFSF14,0.1648862660944203,1.2365560028246713e-06,0.0008677830916597
SH2D3C,0.2110730451167173,1.3828677140258937e-06,0.0009175728344044
NACC2,0.2068424473987224,1.3918595051870934e-06,0.0009175728344044
TLE3,0.2282112791793169,1.590375376274665e-06,0.0009672565065307
AGTRAP,0.1707681217069678,1.6196009805356963e-06,0.0009672565065307
FCGRT,0.2182265466345647,1.619865509426051e-06,0.0009672565065307
PLEKHG3,0.1238871820370555,1.6450696732539086e-06,0.0009672565065307
GPX3,0.3024651313723439,1.7285115897947497e-06,0.0009694097634448
KIR3DL1,0.2228075787710652,1.799605356145462e-06,0.0009694097634448
PILRA,0.2096216162462063,1.8259629892772964e-06,0.0009694097634448
TYROBP,0.1846937297184148,1.8269731234769088e-06,0.0009694097634448
MGAT1,0.1650744896891023,1.887121088570629e-06,0.000977483792425
RPS6KA1,0.1855174081440402,2.027362207599441e-06,0.0010147545570134
LILRA2,0.2240371506333076,2.052364996947427e-06,0.0010147545570134
PTPN6,0.1914867162148006,2.321335853953416e-06,0.0010251983809662
KIR3DL3,0.2482163090128759,2.3772702022990083e-06,0.0010251983809662
CXCL16,0.1969769496493265,2.392489054412772e-06,0.0010251983809662
PLAUR,0.1750013538504466,2.402075965249117e-06,0.0010251983809662
EFHD2,0.2111256673296342,2.4214368743164315e-06,0.0010251983809662
MAST3,0.1919237935727018,2.4753003376905734e-06,0.0010251983809662
SPI1,0.3113553229352046,2.512556835856784e-06,0.0010251983809662
GNB2,0.2025365225583577,2.5182766708416424e-06,0.0010251983809662
P2RX1,0.2266598136710982,2.5387037126156403e-06,0.0010251983809662
RNF19B,0.3051759133256571,2.5447351216814467e-06,0.0010251983809662
TFE3,0.1077393227258465,2.7213869502340104e-06,0.0010691115953967
OS9,0.1591886841829772,2.837210280417541e-06,0.0010691115953967
NCF1,0.1710742803307852,2.8856629451695285e-06,0.0010691115953967
UPF1,0.1322407830001051,2.906481307724893e-06,0.0010691115953967
IFITM2,0.1495039778080169,2.916131956348788e-06,0.0010691115953967
KDM6B,0.2264289793782055,2.9485955285591403e-06,0.0010691115953967
ZBED1,0.1926497958756412,3.0732478308917e-06,0.0010921765818503
SIRPB1,0.1715294322900318,3.112615402193479e-06,0.0010921765818503
CTSD,0.1965386998848535,3.2272321483987792e-06,0.0011144196093399
DGKH,-0.079889952894379,3.4327260662967945e-06,0.0011511499559204
FES,0.2041246519417985,3.461412514607024e-06,0.0011511499559204
PREX1,0.1746598555427638,3.492341856619108e-06,0.0011511499559204
MIR6837,0.195781576468125,3.596693760693049e-06,0.0011678518322966
S100A11,0.1894135454830952,3.6673665233812746e-06,0.0011732876281788
LOC100130872,0.2137951219512217,3.8137774503893175e-06,0.0012024453396118
SIRPD,0.1441064796399045,4.047544349643493e-06,0.0012273077485855
FAM102A,-0.1051192295613931,4.055485615958577e-06,0.0012273077485855
AMPD2,0.1902972260023023,4.083496615050834e-06,0.0012273077485855
MMP9,0.3827957081545072,4.118293065812193e-06,0.0012273077485855
LAT2,0.1062566000209361,4.349752577628704e-06,0.0012619274687026
CUEDC1,0.1450514916780063,4.3680379200460175e-06,0.0012619274687026
LTB4R,0.1673847028856547,4.408480240009279e-06,0.0012619274687026
IQSEC1,0.1387829687009318,4.5072151016642e-06,0.0012734346043727
CA4,0.2370536794724165,4.640895921567033e-06,0.0012943934714575
CTDSP1,0.155002637914789,4.721355416915495e-06,0.0013001656594303
NINJ1,0.2166674761854921,5.053946510348904e-06,0.001374357579158
IL17RA,0.1698533078614055,5.130117999261736e-06,0.0013778483589375
MYD88,0.1395368156600014,5.294269019186534e-06,0.0013812109993086
SLC44A2,0.1642001256149896,5.421476197216576e-06,0.0013812109993086
TFEB,0.1620913325656854,5.442913335940151e-06,0.0013812109993086
GBAP1,0.1632342928922856,5.445353337775912e-06,0.0013812109993086
MYO1F,0.17236526745525,5.490968616432488e-06,0.0013812109993086
FGR,0.1971408772113481,5.523574210059863e-06,0.0013812109993086
OSCAR,0.248627363131999,5.780362621394107e-06,0.001428997600323
CMIP,0.1549624760110255,6.007511151911645e-06,0.0014527246432859
BCL2,-0.0974838375379461,6.009892801458731e-06,0.0014527246432859
JARID2,0.1172947555741661,6.183858276598103e-06,0.0014783498550262
GRN,0.2099978296521154,6.35776262800671e-06,0.0014836144849855
PSTPIP1,0.1655550298335608,6.3690979654001086e-06,0.0014836144849855
BRMS1,0.1129505286297503,6.515771970320213e-06,0.0014836144849855
CHST15,0.1396706165602408,6.538519833978629e-06,0.0014836144849855
CST7,0.2561702292473562,6.610545951887468e-06,0.0014836144849855
SLC11A1,0.121631145538922,6.6150588390532105e-06,0.0014836144849855
GRK6,0.1140230869883804,6.775407398030567e-06,0.0014969747132701
SLX1B-SULT1A4,0.134704965281414,6.864422934198735e-06,0.0014969747132701
ATG13,0.1068413552461704,6.8810605068724725e-06,0.0014969747132701
ACTN4,0.2762146341463403,6.977693865723165e-06,0.0014977749462717
NLRX1,0.1145938134617399,7.022433671327207e-06,0.0014977749462717
PLEKHO2,0.149843881503191,7.09441951215242e-06,0.0014984378299696
SRA1,0.1188985763634464,7.290221290607877e-06,0.0015249881170882
NHSL2,0.1579716319480786,7.4312446416535475e-06,0.0015396831159921
DOK3,0.1533494818381644,7.734166817628866e-06,0.0015873282935614
DIRC2,0.1807265780383149,7.98620885413099e-06,0.00162373807123
DYSF,0.2345629854495978,8.06533760037629e-06,0.0016246427731128
SLPI,0.2678298544959698,8.149450080626756e-06,0.0016265255642572
ZDHHC18,0.1105106249345757,8.300226687423182e-06,0.0016415584689535
RAB1B,0.1469084685439146,8.503852018275038e-06,0.0016666783843024
SERPINA1,0.1212981785826441,8.801966511335296e-06,0.0017097034058401
LOC101928429,0.2445194807913733,8.89760036916389e-06,0.0017129849206297
TNFRSF1B,0.133084182979168,9.36268788793981e-06,0.0017742993297262
DGAT2,0.2069741233120492,9.379196640704389e-06,0.0017742993297262
C17orf62,0.152551931330473,9.514456782877028e-06,0.0017754473547508
CEBPA,0.1901062074740922,9.548487267563818e-06,0.0017754473547508
LILRB3,0.1768172563592571,1.008309252636533e-05,0.0018551766924534
KIR2DL4,0.146475941240098,1.0147829299102012e-05,0.0018551766924534
ITGA5,0.1553742698628681,1.0633472703291958e-05,0.0019109474006395
ARHGAP26,0.1496049931958536,1.0672127162514938e-05,0.0019109474006395
GMPR2,0.1988264210195724,1.0716413830293149e-05,0.0019109474006395
TKT,0.1577352664084585,1.0853375578579809e-05,0.0019180400840323
PPP1R10,0.1398041348267549,1.0932519899793816e-05,0.0019180400840323
TRPC4AP,0.1496401339893225,1.1230941634215469e-05,0.0019546330820188
NLRP12,0.1846176070344398,1.1467163374947513e-05,0.0019647391223247
TRAPPC1,0.1993864545169064,1.1469633120443164e-05,0.0019647391223247
CALCOCO1,0.1280229247356858,1.1616520226089256e-05,0.0019658713171683
HLA-E,0.1128916082208046,1.1656970807387877e-05,0.0019658713171683
HSD17B1,0.0874383335077979,1.1747619948720951e-05,0.0019659190152648
FLOT2,0.2512295613943269,1.1982870053258324e-05,0.0019799036348473
ADGRE5,0.2133385533340313,1.2013205230974234e-05,0.0019799036348473
MAPKAPK2,0.1204341114484099,1.2409841249029645e-05,0.0020298954614484
FTH1P5,0.1141818695697711,1.3034202319735146e-05,0.0021053652170362
BMX,0.266606699466136,1.3064780707878356e-05,0.0021053652170362
ATP6V0D1,0.1907591332565701,1.3187984490308346e-05,0.0021095926660783
MX2,0.1831533968386889,1.3620887088949755e-05,0.0021565377659104
KIR2DL2,0.222550256463939,1.3679715545651096e-05,0.0021565377659104
TECPR2,0.1970019365644297,1.3929608036342272e-05,0.0021699072960059
CSF1R,0.2037618339788558,1.3964009259518838e-05,0.0021699072960059
SCAND1,0.1481437035486221,1.4220968006493914e-05,0.0021941642480941
TMEM127,0.1047140933040235,1.4565193348255777e-05,0.0022314491640232
HCK,0.1988622840992331,1.470319051732707e-05,0.0022368385294017
CFP,0.2297182874489678,1.5233482088875462e-05,0.0022940305748806
YIPF3,0.1677402910080587,1.5349432816345994e-05,0.0022940305748806
HLA-G,0.1234849157332789,1.539547064732569e-05,0.0022940305748806
RIN3,0.1170213824627515,1.628862155785544e-05,0.0024106051836132
C10orf54,0.1603643672144876,1.679350439572727e-05,0.0024685316765476
B3GNTL1,0.1247592065319773,1.7026955097413158e-05,0.0024707519421904
TYK2,0.1802613838584754,1.7035752301933424e-05,0.0024707519421904
PGLYRP1,0.2790654035381559,1.7303817960523858e-05,0.0024930103293456
GAB2,0.1524833036742396,1.775710294267749e-05,0.0025314745604909
MSRB1,0.1600638542866104,1.7836157770663856e-05,0.0025314745604909
MICU1,0.1558173558044595,1.799495880113875e-05,0.0025314745604909
ROPN1L,0.177828388987753,1.803624715587696e-05,0.0025314745604909
USP12,-0.1634339893227263,1.833009022810987e-05,0.0025562250827726
TMEM120A,0.1829842771904113,1.869648767955253e-05,0.0025907139456602
INAFM1,0.2681301999371923,1.916031640232258e-05,0.0026381815400792
LOC101929368,0.1720657856170833,1.9458263562346788e-05,0.0026623554955902
ARRB2,0.159148832827384,1.9690639522332168e-05,0.0026773116425521
RNF24,0.2520270281586931,1.9993709341644315e-05,0.0027016344517234
STX10,0.1434253323563279,2.031837406513115e-05,0.0027282561086945
GLIPR2,0.1610610384172499,2.044154197734804e-05,0.0027282561086945
RAB37,0.1427658955302,2.06618015396191e-05,0.0027368477156021
ATG2A,0.2108243483722409,2.075752117096575e-05,0.0027368477156021
PPP1R15A,0.1946636553962095,2.1167125164970777e-05,0.002758606511597
ELL,0.1249035067518073,2.131338293881265e-05,0.002758606511597
BIN3,0.1592574060504556,2.137600417306591e-05,0.002758606511597
OSBPL2,0.1686438500994453,2.1429763293950792e-05,0.002758606511597
TSEN34,0.1707375693499422,2.2146668929848763e-05,0.002834122250405
ORAI3,0.1402885585679891,2.2578220297515235e-05,0.0028724513600727
SIPA1,0.1741666492201403,2.2926863822495112e-05,0.0028998483863859
PRKCD,0.2650813147702298,2.3193305292364712e-05,0.0029165916568519
FOSL2,0.1675791688474825,2.386949012407129e-05,0.0029843721703975
ADAM8,0.1907562859834612,2.402924277960572e-05,0.0029871781524018
TREM1,0.2326501622526962,2.438735554875818e-05,0.0029915093135416
ARSA,0.124956798911338,2.455244410750978e-05,0.0029915093135416
ZDHHC12,0.1230219198157653,2.4604332847294764e-05,0.0029915093135416
MIA-RAB4B,0.1548122404829213,2.461411938055376e-05,0.0029915093135416
DEDD2,0.1311017481419458,2.515264360793132e-05,0.0030268513720865
C5AR1,0.2187737045954154,2.5217150207246465e-05,0.0030268513720865
MAPKAPK3,0.1188367319166738,2.532231439759845e-05,0.0030268513720865
FKBP9,0.1763961687428032,2.574903515005072e-05,0.0030610396704336
VASP,0.1562263791479115,2.589115712716256e-05,0.0030612071918555
NCF1C,0.1696141735580454,2.6996551967700747e-05,0.0031746485840936
CDA,0.2631557835234996,2.726743104085981e-05,0.0031892632381392
CXCR1,0.1915579189783294,2.787645081434508e-05,0.0032232925673461
PSMB3,0.1538092117659371,2.7980637472563573e-05,0.0032232925673461
KCTD2,0.0819317596566513,2.8002863490159702e-05,0.0032232925673461
MID1IP1,0.180775337590286,2.849943240132323e-05,0.0032631850099515
VPS37B,0.2028464984821516,2.884210360758088e-05,0.0032700142738884
PPP1R18,0.1634604836177082,2.8859698487087352e-05,0.0032700142738884
GPSM3,0.1638974877001988,2.902491485623568e-05,0.0032716944181212
MIR7109,0.1666618235109389,2.926359690576044e-05,0.0032777521974326
DCTN3,0.1149233539202345,2.93799898184035e-05,0.0032777521974326
MVP,0.1613929027530609,2.9702396866459683e-05,0.0032968145093358
DGAT1,0.198515817020831,3.0870865575439944e-05,0.0034015903030561
KIR3DL2,0.2181236365539627,3.09877592527761e-05,0.0034015903030561
MYO9B,0.122170606092328,3.118688022606766e-05,0.0034015903030561
PLEKHF1,0.1552570920129792,3.127180237238434e-05,0.0034015903030561
TOM1,0.154272333298441,3.182678445955823e-05,0.0034334735929072
HSH2D,0.2114084162043319,3.1880563813710413e-05,0.0034334735929072
PDLIM7,0.1445712491214434,3.215122763067583e-05,0.0034455662911593
STK10,0.1396786140479449,3.2313738783228137e-05,0.0034460068001427
FLII,0.1279707735789825,3.3153790753246505e-05,0.0035183449650579
NR1H2,0.2233695802365742,3.3929840187377814e-05,0.0035637801628633
GMIP,0.1551906207474092,3.396956592466577e-05,0.0035637801628633
GPATCH3,0.1206346278655923,3.407337503450172e-05,0.0035637801628633
THBD,0.1887846330995506,3.530690937323219e-05,0.00367512829385
BAP1,0.1508716110122474,3.6024257885721315e-05,0.0037319415728755
NCF4,0.1881447817439543,3.6557723500649645e-05,0.0037692572263347
RAB43,0.172791604731497,3.747879074243096e-05,0.0038459957198187
STXBP2,0.1244205066471257,3.812536244550225e-05,0.0038939777464878
MPZL3,0.1208685788059611,3.915984521801493e-05,0.0039809459472799
CORO1A,0.1885477022924746,3.955728249369694e-05,0.0040026450262808
SSH1,0.0990715272689204,4.0553108606289736e-05,0.0040737979241387
PYCARD,0.1921337171569135,4.063498733799623e-05,0.0040737979241387
RNF169,0.1545817858264424,4.154515193936245e-05,0.0041364855946075
GTF3C1,0.1233755050769405,4.164055827253751e-05,0.0041364855946075
ACTB,0.1495461460623186,4.22763023101466e-05,0.0041652696830436
RHOH,-0.2041840154925145,4.23460655801645e-05,0.0041652696830436
NFAM1,0.1313311734533657,4.263131715113158e-05,0.0041652696830436
SLC9A1,0.0704401898182078,4.283122754219028e-05,0.0041652696830436
PRKCZ,0.1246799120695065,4.290473878235086e-05,0.0041652696830436
NIT1,0.1029003349733077,4.307909348126034e-05,0.0041652696830436
ACTN1,0.1258100806029514,4.341601512918065e-05,0.0041792717218377
GNAI2,0.1882355281063557,4.384130481557962e-05,0.0042016193227442
KMT2D,0.0889433930004539,4.4355669207020105e-05,0.0042322701035031
ICAM3,0.1752164346278668,4.45985247059876e-05,0.0042368598470688
ETV6,0.1275838919711089,4.524144219517189e-05,0.0042792503258954
LETM2,0.1445896891028999,4.563616179866804e-05,0.0042978991338962
HK3,0.1757865382602315,4.681212026324449e-05,0.0043896451565813
REPS2,0.1859919676192483,4.732636076791925e-05,0.0044188196502407
CLN3,0.127959499633623,4.797028786152308e-05,0.0044516834855776
MTMR3,0.1389405003663784,4.808759453508348e-05,0.0044516834855776
SIGLEC7,0.1179580097002688,4.834239949420519e-05,0.0044563089025272
TRIM21,0.1599493143515111,4.868926443562372e-05,0.0044693457712953
TPGS1,0.1102652255835865,5.000066751657951e-05,0.0045704391673243
APLP2,0.1307177666701564,5.095216099764903e-05,0.0046379257845349
NPLOC4,0.110727206113264,5.167276513401893e-05,0.0046777365666917
MIR6791,0.1358462472521724,5.181955930005548e-05,0.0046777365666917
URB1,-0.0782188143340665,5.291581960416459e-05,0.0047569572540851
PFN1,0.1763818905056027,5.352723009834032e-05,0.0047921188921374
LGR6,0.1618705118810837,5.448967502706719e-05,0.0048582904926796
AP1M1,0.1792984088767939,5.534661376310567e-05,0.004896322608894
ALDOA,0.1370038452144175,5.536815307405759e-05,0.004896322608894
SELPLG,0.1626747095153344,5.5899749499005605e-05,0.004896322608894
AKT1,0.1783762378310474,5.598310762457383e-05,0.004896322608894
KIF1B,0.1220637548414114,5.622612215544008e-05,0.004896322608894
TRANK1,0.183185952056947,5.6266635358470405e-05,0.004896322608894
SASH3,0.1486749502773996,5.795010155312427e-05,0.0050227269294351
IER2,0.1182378938553334,5.863237138744064e-05,0.0050616953949752
ITPRIP,0.1336804773369628,6.015542932849648e-05,0.0051726536167645
CD300LF,0.1574084999476621,6.172808387538572e-05,0.0052793005836335
RAB24,0.1731767193551778,6.188102269945061e-05,0.0052793005836335
ARAP1,0.1356223943612828,6.332397250000165e-05,0.005361492494539
POTEKP,0.1319012456819841,6.350672537824171e-05,0.005361492494539
TOP3A,0.105070804982728,6.35837767681484e-05,0.005361492494539
G6PD,0.2390046686904643,6.460240914892792e-05,0.0054263529383587
MAP7D1,0.1929021249869151,6.53000396289048e-05,0.0054638552389493
FAM84B,-0.0786191144143204,6.611458617887128e-05,0.0055108154111928
KLHDC8B,0.1548425206741335,6.651836241142935e-05,0.0055233090620635
CYBA,0.1091041243588399,6.974580345256951e-05,0.0057692773920557
CENPBD1P1,0.1441068215918202,7.023066859471613e-05,0.0057873795275683
HLA-B,0.1243745490072942,7.06073898990071e-05,0.0057964670462373
KAT8,0.0972888830733813,7.185167620905444e-05,0.0058764406613833
CEBPB,0.1647580445933201,7.22569742871801e-05,0.0058874549648599
MYH9,0.1967653511985769,7.367533639339196e-05,0.0059806229225307
RAB11FIP1,0.1347350291356992,7.39714584769789e-05,0.0059823385842627
TRAK2,-0.2323524233225153,7.606624129804947e-05,0.0061077697447464
SIPA1L1,0.1121998674063977,7.608391637905196e-05,0.0061077697447464
ARHGAP9,0.1805815136606305,7.714787175805685e-05,0.0061702525518717
CD74,0.1179200041871668,7.742950800556129e-05,0.0061702525518717
HAL,0.1315483792176977,7.813772935831056e-05,0.006203964606533
PPP2R1A,0.1421890505600327,7.954947717046355e-05,0.0062930868212488
METRNL,0.1898903171778512,8.013645440633647e-05,0.0063165527739487
GRB2,0.0837218535189645,8.081923470526197e-05,0.0063473734693609
TYMP,0.2312888202658838,8.180815699343399e-05,0.0064019296956552
FMNL1,0.1828017690777752,8.398345002030375e-05,0.0065486019899344
PLBD1,0.1785535224536811,8.476607911708456e-05,0.0065609024785987
FAM53C,0.1513756306919269,8.494493552783874e-05,0.0065609024785987
VAV1,0.1199438082277826,8.504594341369091e-05,0.0065609024785987
PRKACA,0.1520348058201612,8.753302554121719e-05,0.0067140074421895
ARSK,-0.0724514253812067,8.783427478252796e-05,0.0067140074421895
INPP5D,0.1038485571722684,8.795642937366246e-05,0.0067140074421895
BEST1,0.1152183188527153,8.86188774987972e-05,0.0067409219579941
SLA,0.1593158484245798,9.024637176893424e-05,0.006833185572825
ACIN1,0.1674630796608402,9.046000666392188e-05,0.006833185572825
SLC45A4,0.1669886527792323,9.374033127717225e-05,0.0069918200259878
GCM1,0.112612100910709,9.400457782151866e-05,0.0069918200259878
ANK3,-0.1115941756516276,9.406406076947506e-05,0.0069918200259878
RGL4,0.2163706898356538,9.4098473285799e-05,0.0069918200259878
THEMIS2,0.1515295090547468,9.416700839413628e-05,0.0069918200259878
TSPAN14,0.1428518475871456,9.504600070996035e-05,0.0070330594097783
CSK,0.1325408144038533,9.536899682301108e-05,0.0070330594097783
BCL2L2-PABPN1,0.1303476708887263,9.74207524477702e-05,0.0071600961807474
HCLS1,0.1304834292892298,9.979153104920904e-05,0.0073096456497493
PFKFB4,0.1049604626818787,0.0001023218199477,0.007469836217994
PPM1M,0.1556689626295408,0.0001030511543081,0.007492022900174
PSAP,0.1233173662723743,0.00010331449644,0.007492022900174
RELT,0.1209051188108443,0.0001042255082893,0.0075148031234823
PCNX3,0.1826073275410875,0.0001045139169239,0.0075148031234823
ARF3,0.1323320213545482,0.0001046649205431,0.0075148031234823
ACSS2,0.118709096618863,0.0001058127240558,0.0075722230652431
LRRC34,-0.0569026274468758,0.0001068262334268,0.0076196875678689
STK40,0.0997729927771375,0.0001076017786289,0.0076499238368356
ARHGDIB,0.0854632820405445,0.0001088954817372,0.0077166814501393
DHX34,0.0858425625457979,0.0001099507958624,0.0077661674155406
PRR14,0.1778016469520906,0.0001119581523228,0.007841691283418
CSF3R,0.2452388359677559,0.000111977242746,0.007841691283418
LINC00173,0.1520335915419233,0.0001121014014775,0.007841691283418
CEACAM4,0.1328126243065019,0.0001143684017074,0.0079287904842331
LRRN3,-0.3861755783523497,0.0001145757420415,0.0079287904842331
SLC15A4,0.0988624725217199,0.0001147678294351,0.0079287904842331
KLF7,0.1213283198995078,0.0001153459975724,0.0079287904842331
CDK6,-0.0742544152173581,0.0001153949393048,0.0079287904842331
PLPPR2,0.1696910708677919,0.0001155332835441,0.0079287904842331
RENBP,0.1982928085418187,0.0001162316198342,0.0079351908581336
GLT1D1,0.1487943263896163,0.0001166825326265,0.0079351908581336
ASMTL,0.1207638926689691,0.0001169649502677,0.0079351908581336
SLC43A2,0.1225710876164551,0.0001170855557555,0.0079351908581336
THAP8,0.1078612582434841,0.000119642712377,0.0080833143098187
INHBE,-0.0746734010258558,0.0001206144525443,0.0081206294330257
FCAR,0.1535826651313714,0.000120941573721,0.0081206294330257
ST6GALNAC2,0.1885107086779021,0.0001231323930154,0.0082271268408545
PITHD1,-0.1316639729229916,0.0001232839967878,0.0082271268408545
RNPEP,0.1609984507484547,0.0001241750361775,0.0082537006341784
UBE2M,0.1826337485606606,0.0001247872457567,0.0082537006341784
PADI2,0.1424651034579023,0.0001248203865155,0.0082537006341784
GPR107,0.0559636710980848,0.0001261792411679,0.0083182708836595
PTAFR,0.1487989392511934,0.0001275939902003,0.008386124642923
TCIRG1,0.201899717366274,0.0001283932607441,0.0084132391189394
NOC4L,0.1031484769182453,0.0001292235955153,0.0084141088862704
SNAI3,0.1649650999685956,0.0001294822405908,0.0084141088862704
IFI30,0.1489003035695617,0.0001295668341485,0.0084141088862704
FERMT3,0.1335141002826336,0.000130582828696,0.0084548495186948
TSHZ3,0.1467411807809062,0.0001317834493547,0.0085072668863842
CUX1,0.133770049199204,0.0001328326027691,0.0085496250687626
PPME1,0.0631287623434166,0.0001337412352682,0.0085827155553383
CST4,0.0858231340940021,0.0001342059035809,0.0085872042129484
SEMA4B,0.1472550403014763,0.0001373155426523,0.008760409473316
ADGRE2,0.1610681251962722,0.0001394251665936,0.0088689897638706
FKBP15,0.0725268606720384,0.0001400087014353,0.0088801437309765
CD14,0.2169928190097341,0.0001435105233715,0.0090757890579854
RNF166,0.18366046268188,0.0001446923908821,0.009105925067295
TNFRSF1A,0.1585786454516888,0.000145133770132,0.009105925067295
CEBPD,0.1470539307023965,0.0001452427487176,0.009105925067295
PTK2B,0.1115692766670157,0.0001457236884426,0.0091098242588182
MIR4271,0.1639072647335897,0.0001463355043545,0.0091218593043901
XIST,-0.7541777399769716,0.0001474728894387,0.0091496321677789
CRISPLD2,0.1131876164555656,0.0001476598586929,0.0091496321677789
FCER1G,0.1755623992463117,0.0001482203270746,0.0091496321677789
TIMP1,0.1685657699152098,0.0001484633488957,0.0091496321677789
PPP1CA,0.1193557207160029,0.0001504497069769,0.0092458569923233
EMP3,0.109747765099966,0.00015275453041,0.009345765485193
SBNO2,0.2013799748770024,0.0001529346133178,0.009345765485193
POR,0.1629498168114729,0.0001534993535885,0.0093540012249798
DENND3,0.1574861718831792,0.0001554264855668,0.0094449809874461
CD63,0.1087712551031128,0.0001586793816999,0.0096157937294744
ARHGEF11,0.0952579015318066,0.0001599035721731,0.0096397590035889
GNLY,0.2429595833769475,0.0001599610664351,0.0096397590035889
CFD,0.3571564953417763,0.0001639799216142,0.0098375506409562
ULK1,0.1445283366481726,0.0001641475928599,0.0098375506409562
MIR3945HG,0.2225992777138072,0.0001665738689912,0.009905244675609
SH3BP5L,0.1232950277399771,0.000166623388585,0.009905244675609
TNFRSF9,0.0883814089814727,0.0001667238501066,0.009905244675609
DAPK2,0.1195535433895109,0.0001670983588117,0.009905244675609
RAB8A,0.1243622526954872,0.0001679502665378,0.0099101361529738
WWP2,0.0979791269758196,0.0001680919439415,0.0099101361529738
S1PR4,0.1310834920967227,0.0001691116206467,0.0099433062355917
PXN,0.1547737464670771,0.0001704789521091,0.009971640714797
PHF21A,0.1344311472835757,0.0001705102434339,0.009971640714797
SULT1A2,0.1402129906835538,0.0001723602309495,0.0100528064994808
PI3,0.2893236888935391,0.000174170672139,0.0101312378940747
LILRB2,0.1533704595415077,0.0001755256747613,0.0101626495244857
GSDMD,0.1002047524337905,0.0001756449653508,0.0101626495244857
IGF2R,0.1578708468543919,0.000177937439298,0.0102604879096541
LILRA1,0.1248102585575203,0.0001790267503513,0.0102604879096541
PRF1,0.2211349942426448,0.0001791968387783,0.0102604879096541
NECAB2,0.1546119124882228,0.0001792224962385,0.0102604879096541
GPS2,0.1367224536794715,0.0001812240426305,0.010347845268836
RNF135,0.1567982727938872,0.0001821117277899,0.0103713105708619
ZMAT5,0.1313639484978548,0.0001836379232055,0.0104033082243533
NFIC,0.1440140165393089,0.0001842003526031,0.0104033082243533
NCOA1,0.1498958965769912,0.0001844981025479,0.0104033082243533
CHST2,0.0752718831780594,0.0001845863927649,0.0104033082243533
AKNA,0.1037402596043142,0.0001888448156965,0.0106158112803032
PRR13,0.1159903276457683,0.0001907936525042,0.0106977214181156
TMC4,0.1128441746048354,0.0001919326234526,0.0107064345148955
DGKZ,0.1463438605673603,0.0001919333238708,0.0107064345148955
HLA-A,0.0685106458704076,0.0001943908474849,0.0108157874348695
SLC25A20,0.1753866220035602,0.0001952200917749,0.0108342170830687
PITPNA,0.1248566593391249,0.000196453318133,0.0108611247960316
LST1,0.1534931609616521,0.0001967034322977,0.0108611247960316
CSRNP1,0.1349290275306192,0.0001975165741046,0.0108769780380498
MIR6748,0.1170255835863081,0.0001980834350336,0.0108769780380498
RAVER1,0.1747830210405103,0.0001984904748842,0.0108769780380498
IFNGR2,0.1498169998953233,0.000199189433581,0.0108878545918458
HBG2,-0.3266281447363806,0.0002010328014712,0.0109610741754535
APMAP,0.0983363899647589,0.0002020037960591,0.0109864814581643
L2HGDH,-0.0657491817579116,0.0002048947810398,0.0111159250910744
SESN2,0.1016854181932371,0.0002058475812746,0.011139836145843
PNKP,0.1835054119124874,0.0002083572965888,0.011221611606682
PAK1,0.1056313618758508,0.0002083903051758,0.011221611606682
RAB11FIP4,0.0995030670993406,0.0002106676936007,0.011316236232798
HMOX2,0.0981286925573119,0.0002128074333413,0.0113857862063791
COPE,0.1411025751072969,0.0002130091926452,0.0113857862063791
SLC9A3R1,0.1600327855124046,0.0002142211899903,0.0114225048731347
RILPL1,0.087270784046896,0.0002151320604367,0.0114430268332528
ANO10,0.1173717156914069,0.0002185564004527,0.0115968158337768
RBCK1,0.0812986984891308,0.0002191835721683,0.0116017971107575
CANT1,0.130363906626191,0.0002201771165375,0.0116260999278478
CABLES2,0.1396715586726671,0.000226725869689,0.0119429087048043
WASL,-0.086573866848111,0.0002286439423385,0.0120091512641992
B4GALT5,0.192831340940021,0.000229087463785,0.0120091512641992
DCAF15,0.121203611430964,0.0002321583840635,0.0121408789550515
CALR3,-0.0735493352873448,0.0002328493400781,0.0121478114949617
MTG2,0.0681977473045121,0.0002335703094968,0.0121562729260834
MPP6,-0.0617795666282843,0.0002386079547399,0.0123888211345263
MIR8085,0.1669911860148634,0.0002393591027028,0.0123898089116778
PLAGL2,0.1195762587668793,0.0002413673839938,0.0123898089116778
EBF1,-0.1268167538992992,0.0002420556047849,0.0123898089116778
SPATA2,0.1362281377577732,0.0002423698904971,0.0123898089116778
LITAF,0.1100138664991803,0.0002426927765564,0.0123898089116778
LAPTM5,0.1133043546529872,0.00024324539957,0.0123898089116778
SHISA5,0.121522704909454,0.0002434973343958,0.0123898089116778
SH3TC1,0.0863964409086142,0.0002435454363031,0.0123898089116778
TSPO,0.1452995289437915,0.0002441426390867,0.0123898089116778
C8orf60,0.1715722181513657,0.0002443221339053,0.0123898089116778
DNAJC5,0.1027751072961384,0.0002469067334513,0.0124917581075186
DHRSX,0.1042923165497766,0.0002501754806099,0.0126277670085113
ADGRG1,0.146902240133989,0.000251601088596,0.0126703279685323
PHF23,0.1296867790222977,0.0002532692406965,0.0127248783634003
MIR181A2HG,0.1910779441013304,0.0002553895240461,0.0128018412341541
TGFB1,0.1410836805192081,0.0002567950940509,0.0128427063702927
APH1B,0.088396953836491,0.0002576469957132,0.0128557577792217
KIR2DS3,0.1424401758609859,0.0002595221152703,0.0129196879123692
PCYT1A,0.0951753026972337,0.0002605894192926,0.0129432027778778
MKNK2,0.131944760808123,0.0002612476219753,0.0129440124001395
WIPF2,0.103477881293835,0.0002625408524659,0.0129440124001395
FCHO1,0.1162944415366897,0.0002633064522652,0.0129440124001395
PRKCSH,0.1632286611535658,0.0002639380873124,0.0129440124001395
ACTR1A,0.1231970061760696,0.0002639394660944,0.0129440124001395
PADI4,0.1443321399909276,0.0002641756610279,0.0129440124001395
KIR2DS4,0.1511001360829071,0.0002649210725755,0.0129513661435505
CACNA1I,-0.0862824941554141,0.0002660799344965,0.0129528759092709
CREBBP,0.0773378205799204,0.0002668838938461,0.0129528759092709
TCTA,0.0976784884329537,0.0002671127749197,0.0129528759092709
BCKDK,0.1495421124254141,0.0002678361823727,0.0129528759092709
IL1RN,0.1040676771694748,0.0002682192087054,0.0129528759092709
ZDHHC21,-0.0391244658455165,0.0002690224527888,0.0129528759092709
DPEP2,0.1513606406364491,0.00026970647636,0.0129528759092709
H3F3AP4,0.0741763163404201,0.000269715136148,0.0129528759092709
PEF1,0.1315896367633211,0.0002712532999052,0.012967186122576
CST3,0.1480445793642486,0.0002715972657231,0.012967186122576
MLF2,0.1827606197006162,0.0002718012811719,0.012967186122576
KIF13A,0.0986941030740782,0.0002733129520976,0.0130107730260028
RARA-AS1,0.117154129592798,0.0002751313918642,0.0130687411135495
RABAC1,0.1532900450120369,0.000278058868202,0.0131790210843889
HDAC5,0.0850765414006078,0.0002786766348217,0.0131795873707523
KLHL18,0.0662186538260227,0.0002802467282215,0.0132050884070152
LILRA6,0.1572735685125081,0.0002804298250536,0.0132050884070152
LRP10,0.1245484280679729,0.0002841165613596,0.0133497965278144
ADAMTSL4,0.1409075578352361,0.0002860936348586,0.0134137220395449
CKAP4,0.117688349209672,0.0002896777179891,0.0135224049583896
TRIM8,0.0792810844760811,0.0002897594990225,0.0135224049583896
HIST1H4L,-0.0896356537213436,0.000290276401543,0.0135224049583896
FAM49A,0.1313738511462379,0.0002948944737657,0.0137081822153265
XPO6,0.1264000523395783,0.0002967605971151,0.0137655155442196
MAPK3,0.098690045012038,0.0002983144661927,0.0138081515149408
CYP4F2,0.1389726892075771,0.0003034627250757,0.0140162719366599
S100A4,0.1188063854286607,0.0003047043815951,0.0140162719366599
ALOX5AP,0.1544748455982443,0.000304743581983,0.0140162719366599
YIPF1,0.1271345545901816,0.0003077467980188,0.0141179174384115
SPINT1,0.103309389720505,0.0003082514724544,0.0141179174384115
SIGLEC9,0.130539893227259,0.0003111912115956,0.0142065707793451
PNLIPRP2,-0.07021561813043,0.0003121289931124,0.0142065707793451
C19orf54,0.1494213964199735,0.0003121462115618,0.0142065707793451
SPEN,0.118389416937088,0.0003142002214745,0.0142568211754931
KCNH2,-0.1070658117868728,0.000314560982038,0.0142568211754931
ABHD4,0.0873149586517332,0.000317011555827,0.0143096641837771
RAF1,0.1553919187689736,0.0003178184769812,0.0143096641837771
PNPLA6,0.1803907254265677,0.0003181226851925,0.0143096641837771
ARHGEF40,0.1575645277225303,0.0003183579620753,0.0143096641837771
SUPT6H,0.1285902229666069,0.0003233050258307,0.0145020635813337
PPM1F,0.1129440071181822,0.0003247971953121,0.014539018485627
KLHL21,0.1353396838689429,0.0003276254300255,0.0145940800115554
ZDHHC11B,-0.1095645765728043,0.0003277896724394,0.0145940800115554
PSENEN,0.1619535015178481,0.0003280397667502,0.0145940800115554
PTPRE,0.0992151854565763,0.0003299137061885,0.0146474952614914
IDH2,0.1254444991102277,0.0003307691412202,0.0146555655137381
GAS7,0.1459802072647331,0.0003403233899014,0.015048242575823
MCTP2,0.1465795875641165,0.0003411095004878,0.0150524080793348
MTHFD2L,-0.0356433607243795,0.0003449550210128,0.0151912884253713
TP53INP2,0.172806699466137,0.0003493791250916,0.0153285645489939
SSH2,0.1148277357898033,0.0003494814073225,0.0153285645489939
TBC1D22A,0.0907139956034743,0.0003507788398073,0.015338373438795
TCN1,0.2640104679158384,0.0003511151446803,0.015338373438795
DNASE2,0.1031220558986714,0.0003527368715078,0.0153783379552148
HSPA6,0.1813161415262207,0.0003578958381496,0.0155435847244627
