Gene,LogFC,FDR,Importance,Source
PTGDS,0.3753975714435249,2.660884594664665e-06,0.0263129535993658,GSE99039
KIR2DL1,0.2310232387731599,0.0002313478315147,0.0196028601622278,GSE99039
DGKK,0.2180995917512831,0.0001310722464949,0.0194303989626056,GSE99039
FAM102A,-0.1051192295613931,0.0012273077485855,0.0193306928575001,GSE99039
CHST15,0.1396706165602408,0.0014836144849855,0.0171928702183754,GSE99039
LAT2,0.1062566000209361,0.0012619274687026,0.0169411552112428,GSE99039
KIR3DL1,0.2228075787710652,0.0009694097634448,0.0160346904479727,GSE99039
KIR2DL3,0.2493906207474081,0.0001310722464949,0.0159190251061618,GSE99039
KIAA0319L,0.1962608081231023,0.0001310722464949,0.0151167742681855,GSE99039
TNFSF14,0.1648862660944203,0.0008677830916597,0.0141294042067755,GSE99039
LOC100130872,0.2137951219512217,0.0012024453396118,0.0140114855155685,GSE99039
LILRB1,0.2157334554590173,0.0001310722464949,0.0136929918322471,GSE99039
CXCL16,0.1969769496493265,0.0010251983809662,0.0132630399428154,GSE99039
GPX3,0.3024651313723439,0.0009694097634448,0.0127011970807709,GSE99039
MBOAT7,0.1867748665340745,0.0001903822680201,0.0123769324669644,GSE99039
GNB2,0.2025365225583577,0.0010251983809662,0.0121297790907572,GSE99039
KIR3DL3,0.2482163090128759,0.0010251983809662,0.0121034651045758,GSE99039
DGKH,-0.079889952894379,0.0011511499559204,0.0117324111800759,GSE99039
IFITM3,0.1741280435465277,0.0004249570798029,0.0116867458861064,GSE99039
SH2B2,0.2340833246100695,0.0004701915155541,0.0116346470479075,GSE99039
P2RX1,0.2266598136710982,0.0010251983809662,0.0114515827438447,GSE99039
MGAT1,0.1650744896891023,0.000977483792425,0.0112972842885835,GSE99039
PLAUR,0.1750013538504466,0.0010251983809662,0.011251280816611,GSE99039
JARID2,0.1172947555741661,0.0014783498550262,0.0111704997824671,GSE99039
EFHD2,0.2111256673296342,0.0010251983809662,0.0108651834555222,GSE99039
PLOD1,0.2002808751177633,0.0005410499091442,0.0107400433721907,GSE99039
OS9,0.1591886841829772,0.0010691115953967,0.0107100673205977,GSE99039
PLEKHG3,0.1238871820370555,0.0009672565065307,0.010670828211798,GSE99039
PPP4C,0.2069763006385407,0.0001310722464949,0.0105580999911893,GSE99039
CUEDC1,0.1450514916780063,0.0012619274687026,0.0104634687984863,GSE99039
AMPD2,0.1902972260023023,0.0012273077485855,0.0102281669406256,GSE99039
TYROBP,0.1846937297184148,0.0009694097634448,0.0101781062815627,GSE99039
HLA-C,0.1089258609860799,0.0004701915155541,0.010132185388888,GSE99039
LRRC25,0.2812083115251749,0.0001903822680201,0.0101013773227855,GSE99039
NACC2,0.2068424473987224,0.0009175728344044,0.009951330157783,GSE99039
CA4,0.2370536794724165,0.0012943934714575,0.0099029097173077,GSE99039
MAST3,0.1919237935727018,0.0010251983809662,0.009864945833345,GSE99039
MMP9,0.3827957081545072,0.0012273077485855,0.0098295391843222,GSE99039
CST7,0.2561702292473562,0.0014836144849855,0.0097459857270652,GSE99039
ILK,0.1508625353292156,0.0007888014258782,0.0096910548122597,GSE99039
APOBR,0.2471538783628188,0.0004249570798029,0.0096183991650624,GSE99039
TPD52L2,0.1816583062912169,0.0007498919641179,0.0095997642591313,GSE99039
SH2D3C,0.2110730451167173,0.0009175728344044,0.0095712729973578,GSE99039
MYD88,0.1395368156600014,0.0013812109993086,0.0095449274396882,GSE99039
SLC11A1,0.121631145538922,0.0014836144849855,0.0094699528846603,GSE99039
BCL2,-0.0974838375379461,0.0014527246432859,0.0094025109910985,GSE99039
RAB3D,0.1645985344917822,0.000742954395029,0.0093487121122619,GSE99039
IKBKG,0.1091790013608289,0.0006831939862576,0.0092160852505182,GSE99039
SIRPD,0.1441064796399045,0.0012273077485855,0.0092004893106516,GSE99039
NCF1,0.1710742803307852,0.0010691115953967,0.0091692515206644,GSE99039
TNFAIP2,0.2077263686799941,0.0003496837314286,0.0090826055249052,GSE99039
LTB4R,0.1673847028856547,0.0012619274687026,0.0090351176493245,GSE99039
IL17RA,0.1698533078614055,0.0013778483589375,0.0090135730308091,GSE99039
ABHD2,0.2257545552880433,0.0003666291314058,0.0090072852049815,GSE99039
ZBED1,0.1926497958756412,0.0010921765818503,0.0089155629400255,GSE99039
CMIP,0.1549624760110255,0.0014527246432859,0.0088708857865121,GSE99039
GRN,0.2099978296521154,0.0014836144849855,0.0088250840650998,GSE99039
LSP1,0.2496967026065082,0.0003496837314286,0.0087945118517236,GSE99039
LOC102724984,0.1597952266303774,0.0007498919641179,0.0087486776610236,GSE99039
ZYX,0.3188360515021475,0.0007498919641179,0.0087268906358473,GSE99039
PLIN3,0.2200942740500355,0.0005435184958821,0.0086953105832205,GSE99039
PSTPIP1,0.1655550298335608,0.0014836144849855,0.0086935269392604,GSE99039
RPS6KA1,0.1855174081440402,0.0010147545570134,0.0085749259898404,GSE99039
TRAFD1,0.1195058934366173,0.0007498919641179,0.0084704039498963,GSE99039
FES,0.2041246519417985,0.0011511499559204,0.0084539056602035,GSE99039
ADGRG3,0.3209608290589347,0.0004701915155541,0.0084144003755084,GSE99039
RNF19B,0.3051759133256571,0.0010251983809662,0.0083900854151122,GSE99039
SLC15A3,0.213192902753061,0.0007888014258782,0.0082593472079397,GSE99039
LILRA2,0.2240371506333076,0.0010147545570134,0.0082002914955055,GSE99039
SIRPB1,0.1715294322900318,0.0010921765818503,0.0081865708914332,GSE99039
SLX1B-SULT1A4,0.134704965281414,0.0014969747132701,0.0081724488589466,GSE99039
ATG13,0.1068413552461704,0.0014969747132701,0.008168903582649,GSE99039
FCGRT,0.2182265466345647,0.0009672565065307,0.0081324145288652,GSE99039
TFE3,0.1077393227258465,0.0010691115953967,0.0081235356929315,GSE99039
PREX1,0.1746598555427638,0.0011511499559204,0.0080499392515065,GSE99039
UPF1,0.1322407830001051,0.0010691115953967,0.0079988822265462,GSE99039
IQSEC1,0.1387829687009318,0.0012734346043727,0.0079136367396265,GSE99039
NINJ1,0.2166674761854921,0.001374357579158,0.0078537579353919,GSE99039
TLE3,0.2282112791793169,0.0009672565065307,0.0078215898152156,GSE99039
BRMS1,0.1129505286297503,0.0014836144849855,0.0077646876895126,GSE99039
AGTRAP,0.1707681217069678,0.0009672565065307,0.0077192160522494,GSE99039
CTSD,0.1965386998848535,0.0011144196093399,0.0076612170990137,GSE99039
MIR6837,0.195781576468125,0.0011678518322966,0.007622535879694,GSE99039
PTPN6,0.1914867162148006,0.0010251983809662,0.0075600066907055,GSE99039
GBAP1,0.1632342928922856,0.0013812109993086,0.0074725033212769,GSE99039
PILRA,0.2096216162462063,0.0009694097634448,0.0074290972279171,GSE99039
MYO1F,0.17236526745525,0.0013812109993086,0.0074237520702861,GSE99039
KDM6B,0.2264289793782055,0.0010691115953967,0.0072664550183898,GSE99039
OSCAR,0.248627363131999,0.001428997600323,0.0072374034444149,GSE99039
GRK6,0.1140230869883804,0.0014969747132701,0.0070143626662059,GSE99039
IFITM2,0.1495039778080169,0.0010691115953967,0.0069622273210092,GSE99039
CTDSP1,0.155002637914789,0.0013001656594303,0.0069125970361899,GSE99039
RHOG,0.224625143933844,0.0004237557603132,0.006825277327735,GSE99039
C15orf39,0.2150975400397774,0.0008080691288524,0.0066627096049471,GSE99039
SLC44A2,0.1642001256149896,0.0013812109993086,0.0066275803088487,GSE99039
SPI1,0.3113553229352046,0.0010251983809662,0.0066178780260509,GSE99039
S100A11,0.1894135454830952,0.0011732876281788,0.0059396906194916,GSE99039
MGRN1,0.1861656652360519,0.0005435184958821,0.0059334683471797,GSE99039
FGR,0.1971408772113481,0.0013812109993086,0.0058553525837547,GSE99039
TFEB,0.1620913325656854,0.0013812109993086,0.0056090839087391,GSE99039
TMLHE-AS1,,,0.1659983177407768,Previous
CHIT1,,,0.155192846799172,Previous
COL17A1,,,0.1532467996765963,Previous
NXF3,,,0.1503466449203482,Previous
FIGN,,,0.1453535267069775,Previous
CCDC150,,,0.1430395713381406,Previous
CES3,,,0.1285003220734321,Previous
SLC6A20,,,0.1223039888860272,Previous
HTR3A,,,-0.1201771293404838,Previous
GPR160P1,,,0.1177969247044519,Previous
CD8B2,,,-0.1177661395475671,Previous
TSIX,,,-0.1152399968411044,Previous
COX20P1,,,-0.1119759342902553,Previous
PCDHGA10,,,0.1114556736404783,Previous
TPD52L1,,,0.1085863657821772,Previous
NFIB,,,-0.1068995034815759,Previous
PRR13P5,,,0.1047406224739771,Previous
LINC01281,,,-0.1029147133923621,Previous
CEACAM6,,,0.0960284022496664,Previous
SRPK2-AS1,,,0.090420885500636,Previous
LOC105374328,,,0.0898250099352706,Previous
SMAD6,,,0.0894748202590565,Previous
LINC01881,,,0.0883858098212641,Previous
AP3S1P2,,,0.087190771339476,Previous
ITPRIP-AS1,,,0.0855011282661592,Previous
FSCN3,,,0.0854499434391152,Previous
HOXA4,,,0.0852426207550438,Previous
CASC8,,,0.0852315175563884,Previous
WASHC2A,,,0.0851430937088467,Previous
PALM,,,0.0806910538007148,Previous
FTH1P4,,,0.0799062716860401,Previous
MTDHP3,,,0.0774377757250541,Previous
LARP1P1,,,0.076858459600237,Previous
PSD2,,,0.0759911086905766,Previous
NUTM2B,,,0.0755960915130551,Previous
CABP5,,,-0.0729638356554567,Previous
IGLV1-36,,,-0.0728806064019071,Previous
S100B,,,-0.0723425355750536,Previous
SYDE2,,,0.0722858156122883,Previous
ARHGEF17,,,0.0672556954507245,Previous
EPHX3,,,0.0660257139501963,Previous
PRG4,,,0.0653503201289479,Previous
CORIN,,,0.0645348468112744,Previous
LINC02212,,,0.064505097827427,Previous
TTTY10,,,0.0642872800023415,Previous
BICDL2,,,0.0627580664708579,Previous
FZD7,,,0.0613489672814447,Previous
DTNA,,,0.0607312028742435,Previous
COL23A1,,,0.0606537401047199,Previous
KRT17P8,,,0.0602563157657801,Previous
HNRNPA1P52,,,0.0597667009898726,Previous
CHRM5,,,0.059157114424301,Previous
SMARCE1P6,,,0.058975850496291,Previous
NCAPG,,,0.0589171018475625,Previous
MTND2P28,,,-0.0585462194862503,Previous
NUTM2E,,,-0.0578726749933383,Previous
CXCL5,,,0.056878753431183,Previous
HBE1,,,0.0540119297520845,Previous
MIA2,,,0.0533380690328892,Previous
SEPTIN7P8,,,0.0528207446402093,Previous
LPL,,,0.0516686581987288,Previous
RPS24P19,,,0.0514757474751742,Previous
LGALSL,,,0.0510855702413573,Previous
LINC00622,,,0.0507748593445653,Previous
MDGA1,,,0.0503758581467954,Previous
RFX3-DT,,,0.0499972253001768,Previous
DSP,,,0.0489646584891686,Previous
GK4P,,,0.0485330429382453,Previous
SLX4IP,,,0.0483537550861163,Previous
TMEM132C,,,0.0481601352217545,Previous
NKAPL,,,0.0481560217090402,Previous
TRPC6P10,,,0.0470113652070179,Previous
C5ORF34-AS1,,,0.0463177732113839,Previous
ETV5,,,0.0461759261047601,Previous
APOBEC3B,,,0.0457316253307058,Previous
VCAM1,,,0.0445424384231442,Previous
SNX18P3,,,0.0434453867721027,Previous
MINAR1,,,0.0428350454453786,Previous
LINC00656,,,0.0419850353052624,Previous
GAB4,,,0.041247843615891,Previous
LGI2,,,0.0411841550142614,Previous
NPM1P27,,,0.0406619232837013,Previous
TANC1,,,0.0405713313306453,Previous
ERRFI1,,,0.0403987407690964,Previous
CYYR1,,,0.0398315402564753,Previous
KCNA5,,,0.0393846422084767,Previous
RPL7P23,,,0.0391074994571432,Previous
RPL9P33,,,0.0385193855656933,Previous
PTGS2,,,-0.0361256690490162,Previous
LINC00189,,,0.0357530999542712,Previous
NDUFB2-AS1,,,0.0354320982243596,Previous
RNU6-1095P,,,0.035337361788832,Previous
SNRK-AS1,,,0.0350992179372276,Previous
HMGB1P10,,,0.035089511262001,Previous
IGLVI-70,,,-0.0345725984594356,Previous
USP9Y,,,0.0344822219020298,Previous
RPL8P5,,,0.0344613307855002,Previous
LDHC,,,0.0341822120706006,Previous
ARRDC4,,,0.0341519918369425,Previous
DPH6,,,0.0341132603249464,Previous
AKR1C7P,,,0.033892772000377,Previous
SNORA33,,,0.0330303343952079,Previous
BCORP1,,,0.0329105253237373,Previous
SUV39H2-DT,,,0.0327315267113883,Previous
SLITRK4,,,0.0325976082466789,Previous
FAR2P2,,,0.0325050785398168,Previous
IFI27,,,0.0320709486469513,Previous
ADORA1,,,0.0313440083311273,Previous
RPS10P1,,,0.0313398709525579,Previous
B3GAT1-DT,,,0.0309729263011226,Previous
MIR4458HG,,,0.030723017266002,Previous
LPAR1,,,0.0304292713600966,Previous
INHBB,,,0.0303393266351259,Previous
MACC1,,,0.0302768933445185,Previous
STOX1,,,0.0299996394021604,Previous
DNAAF11,,,0.029864328869727,Previous
UGT2B11,,,0.0297713057708615,Previous
LINC01277,,,0.0297112705694825,Previous
RPL7P18,,,0.029066060554897,Previous
TXLNGY,,,0.0286262021946138,Previous
GRAMD1C,,,-0.0285240549544623,Previous
MEF2C-AS1,,,0.0282990584228323,Previous
SORD-AS1,,,0.0282562890804366,Previous
TIMM23B-AGAP6,,,0.0281894778394459,Previous
CMTM1,,,0.0272700498370162,Previous
SRP9P1,,,0.0272575818401844,Previous
WASHC4,,,-0.0267938061705914,Previous
BCL2A1,,,0.0267919568778048,Previous
RPS15AP1,,,0.026084421250013,Previous
TCAF1,,,0.025967030276348,Previous
RPL36AP37,,,0.0258326147361789,Previous
LOC105369595,,,-0.0256944323827501,Previous
SASH1,,,0.024727789692257,Previous
CDS1,,,0.0239279287472549,Previous
ATP8B4,,,0.0234639648175235,Previous
EFCAB13,,,0.0233670180996956,Previous
PMAIP1,,,-0.0232111252360875,Previous
FCHO2,,,-0.0230210146685762,Previous
MSANTD2-AS1,,,0.0229571217811923,Previous
RICTOR,,,-0.022938256133367,Previous
APOOL,,,0.0228068638876701,Previous
LTN1,,,-0.022760057540381,Previous
DNAJC28,,,0.0227195570455554,Previous
ZFP92,,,0.0225982636208387,Previous
EDEM3,,,-0.0225953734111677,Previous
TBC1D8B,,,0.0219415897588224,Previous
NEK7,,,-0.02192187219175,Previous
TAS2R40,,,-0.021672012048991,Previous
USP44,,,-0.0216371249229972,Previous
SPDYA,,,0.0212173169806353,Previous
ZNF292,,,-0.0206441509221211,Previous
IFT81,,,0.0204448384073949,Previous
TRIM23,,,-0.0204084961135818,Previous
NHS,,,0.020080294082322,Previous
FAR1,,,-0.019669325129852,Previous
MIR17HG,,,0.0195712736843629,Previous
TRIM61,,,0.0194972233384687,Previous
OSBPL8,,,-0.0194452250998418,Previous
TAS2R64P,,,0.0190212231865187,Previous
THBD,,,0.0189585071769143,Previous
PTAR1,,,-0.0187871913969969,Previous
TIPIN,,,0.0186216357085221,Previous
KCTD3,,,-0.0183052836015967,Previous
SHTN1,,,0.0180916629147521,Previous
OXR1,,,-0.0180458019072851,Previous
CXXC4,,,0.017920132190529,Previous
ST20-AS1,,,0.017852612963306,Previous
JMJD1C,,,-0.0177920951042587,Previous
ANO5,,,0.0176054468556599,Previous
LYSMD3,,,-0.017518428036619,Previous
ZNF644,,,-0.0174848339732607,Previous
SNX16,,,-0.0174721915057687,Previous
SUZ12,,,-0.017453874603409,Previous
BRIP1,,,0.0173338198171893,Previous
MYBPH,,,0.0173237811892625,Previous
IPMK,,,-0.017271141549631,Previous
SP3,,,-0.0172564530124248,Previous
PCMTD1,,,-0.0172134178713968,Previous
PLIN1,,,-0.01713127839253,Previous
FAM161A,,,0.0170595685639455,Previous
ITPK1-AS1,,,0.0169909787889855,Previous
CLK1,,,-0.0169448244760156,Previous
ZDHHC17,,,-0.0168375792221198,Previous
NUDT6,,,0.0167608286449643,Previous
TWF1,,,-0.0166641718318839,Previous
KLHL32,,,-0.0166245860512365,Previous
ZNF23,,,0.016494540486706,Previous
CYP51A1,,,0.0164838165572007,Previous
RBMY2SP,,,0.0164400110414309,Previous
PDGFC,,,0.0164119186023376,Previous
AGL,,,-0.0161912411851429,Previous
HYCC2,,,-0.016103633611291,Previous
COLEC12,,,0.0160798558939548,Previous
RRM2B,,,-0.0160313154355728,Previous
DNAJC9-AS1,,,0.0159881356262054,Previous
KCNIP4,,,-0.0158780210109938,Previous
SPOPL,,,-0.0158743690263362,Previous
SEMA3C,,,-0.0157494235632868,Previous
RGS18,,,-0.0157001669929027,Previous
EVI2A,,,-0.0155544135093076,Previous
ZNF721,,,-0.0154920446391813,Previous
LEMD3,,,-0.0153919346729362,Previous
PPP4R2,,,-0.0150311999081066,Previous
TMX3,,,-0.0149198000974208,Previous
ROCK1,,,-0.0147038056689251,Previous
KLHDC1,,,-0.0146205535498548,Previous
EGR2,,,0.0145826015801392,Previous
KL,,,0.0145678613051631,Previous
HDGFL3,,,0.0141223408832006,Previous
CYP1B1,,,-0.0140668243644519,Previous
RPS15AP24,,,0.0138073891404301,Previous
RB1CC1,,,-0.0136482358956133,Previous
CCDC15,,,0.0135154718738804,Previous
RBMS1P1,,,-0.0135084657222253,Previous
H2BC19P,,,0.013395777789114,Previous
FPGT,,,-0.0133005462656931,Previous
ZBTB11,,,-0.0132184592608907,Previous
KLRF1,,,0.0130283259499057,Previous
SNX10,,,-0.0129991438555725,Previous
GPNMB,,,0.0128932978013784,Previous
MGAM2,,,-0.0128913652391666,Previous
FBXL3,,,-0.0128402105012008,Previous
ABCB10,,,-0.0127233440194995,Previous
TSNAX,,,-0.0127050172285908,Previous
PLAGL1,,,-0.0126308647715885,Previous
KIF20B,,,-0.0126250929276232,Previous
MOB1B,,,-0.0125738815642145,Previous
SLCO4C1,,,0.0124801269713085,Previous
ADAMTS1,,,0.0123173347358416,Previous
ANKRD12,,,-0.0120636841946427,Previous
ZFY,,,0.0118888541178606,Previous
LOC124904411,,,0.0116977769943364,Previous
ZNF107,,,-0.0116431514281125,Previous
PPP1R17,,,0.0116201162948404,Previous
ZNF267,,,-0.0115959969278725,Previous
MYLK4,,,-0.0114417034260804,Previous
ZWILCH,,,0.011308550419147,Previous
HECW2,,,-0.0111311513318352,Previous
LINC01580,,,0.0111272168687149,Previous
EXPH5,,,0.0110057867888244,Previous
OTUD6B,,,-0.0107762407284051,Previous
RPS4XP16,,,0.010714937470749,Previous
ADAM10,,,-0.010611317333121,Previous
GNRHR,,,0.0102762492021622,Previous
SGO2,,,-0.0101018481920016,Previous
KTN1,,,-0.0100487380691717,Previous
HOMER1,,,0.0096906587878434,Previous
LIG4,,,-0.0095794331132693,Previous
ZNF569,,,-0.009470848155618,Previous
RANBP6,,,-0.0093022590489695,Previous
PIGA,,,-0.0092688843594472,Previous
SCN9A,,,0.0089954326361247,Previous
DCP2,,,-0.0089419238143284,Previous
PRDM5,,,0.0089075165703438,Previous
C2ORF69,,,-0.008715280273334,Previous
PPM1B,,,-0.0086961854394662,Previous
SGPP1,,,-0.0085136393001671,Previous
KBTBD8,,,-0.0084849315475933,Previous
DEK,,,-0.0083726253370118,Previous
BACH1,,,-0.008272018616024,Previous
ERI2,,,0.008229949304253,Previous
SPAG1,,,0.008204599527731,Previous
TRIM36,,,0.0081697120479831,Previous
EPS8,,,-0.0075626562080193,Previous
E2F3,,,-0.007549208787102,Previous
ZNF624,,,-0.0074884859122393,Previous
TWSG1,,,-0.0074597982869325,Previous
IFNG,,,0.0070963459632009,Previous
CEP290,,,-0.0070878247961945,Previous
LEPR,,,0.0070814146651541,Previous
CHML,,,-0.0068027980500884,Previous
TMEM209,,,-0.0067923794578887,Previous
RPS10P5,,,-0.0067444238156102,Previous
RESF1,,,-0.0067411147574241,Previous
OTUD6B-AS1,,,-0.0066834933507992,Previous
MANEA-DT,,,0.0066347235422612,Previous
EOGT,,,-0.0066058345422051,Previous
LRRCC1,,,0.0064716366584073,Previous
PCGF6,,,-0.0063792684239467,Previous
BACH1-IT2,,,0.0063552756365626,Previous
WDR12P1,,,-0.0063015957731342,Previous
GEMIN2,,,0.0062282021517855,Previous
SMIM8,,,-0.0061973130230408,Previous
ZNF322,,,0.0060355103415855,Previous
RNU6-1005P,,,0.0059893477485615,Previous
ZNF674-AS1,,,0.0058492559448174,Previous
SLC19A2,,,0.0056001963906893,Previous
TTC9-DT,,,0.005451378369588,Previous
PHEX,,,-0.0053750059970045,Previous
SOCS6,,,0.0053743214907884,Previous
MAP10,,,-0.0050861962159572,Previous
ESF1,,,-0.0050634527610131,Previous
CETN3,,,0.0050352881091352,Previous
PIBF1,,,-0.0049491560999273,Previous
ECT2,,,-0.0048702108039334,Previous
LINC02762,,,-0.0045906760875047,Previous
PTENP1,,,0.0045504788269361,Previous
TRIM9,,,0.0045492809066922,Previous
PACRGL,,,0.0045201969028618,Previous
RBM47,,,-0.0043833171679227,Previous
GABRR2,,,0.0041417681400587,Previous
ZNF283,,,-0.0040615629919338,Previous
SORBS1,,,0.0039876584577031,Previous
CACNB4,,,-0.0039481172303148,Previous
PDK4,,,0.0039414612018951,Previous
HCG11,,,0.003923328326054,Previous
NID2,,,-0.0038371184725298,Previous
KIF27,,,-0.0037870048938758,Previous
TDRD6,,,0.0037731320991637,Previous
NDUFA5,,,-0.0037687606534345,Previous
DNAJC3-DT,,,-0.0037114579964976,Previous
PREP-AS1,,,0.0035657180145004,Previous
PDCD10,,,0.0035509932558618,Previous
LACC1,,,0.0033558539683695,Previous
ALDH1A2,,,-0.0033380918403114,Previous
ALCAM,,,0.0033195369293628,Previous
MEX3B,,,0.0032287361882258,Previous
RBM41,,,0.003104928004113,Previous
NAP1L2,,,-0.0030190096637643,Previous
PTCH1,,,0.0030072375342528,Previous
PM20D2,,,-0.0027296732617511,Previous
JRKL,,,0.0027258721949235,Previous
CCDC122,,,-0.0027218406040761,Previous
TNFRSF9,,,-0.0025644212310869,Previous
ZNF731P,,,0.0025621254450787,Previous
LIPT2-AS1,,,0.0023628839462705,Previous
ITPR1-DT,,,-0.0023172036663663,Previous
JDP2-AS1,,,-0.0022926301897522,Previous
ZNF879,,,0.002095381430724,Previous
RASGRF1,,,0.0019954439549161,Previous
ASPH,,,0.0019597685382703,Previous
SYCP2,,,-0.0019593618265327,Previous
SERPINI1,,,-0.0016722656318328,Previous
B4GALT6,,,-0.0014212804086502,Previous
MYO16-AS1,,,0.0010667320710462,Previous
CDK14,,,0.0010406169060192,Previous
ASB3,,,-0.0009829954203095,Previous
TENM1,,,-0.0006778725327755,Previous
TAFA2,,,-0.0006163028158709,Previous
DCAF4L1,,,0.0003939355325906,Previous
PDIK1L,,,-0.0002197389363166,Previous
ZNF718,,,0.0002159934883278,Previous
ZNF117,,,-4.7365672688681056e-05,Previous
