stringId_A,stringId_B,preferredName_A,preferredName_B,ncbiTaxonId,score,nscore,fscore,pscore,ascore,escore,dscore,tscore
9606.ENSP00000003100,9606.ENSP00000242480,CYP51A1,EGR2,9606,0.755,0.0,0.0,0.0,0.056,0.041,0.75,0.046
9606.ENSP00000005178,9606.ENSP00000300055,PDK4,PLIN1,9606,0.421,0.0,0.0,0.0,0.085,0.07,0.0,0.374
9606.ENSP00000005178,9606.ENSP00000497642,PDK4,LPL,9606,0.539,0.0,0.0,0.0,0.106,0.0,0.0,0.506
9606.ENSP00000025008,9606.ENSP00000382204,RB1CC1,JMJD1C,9606,0.411,0.0,0.0,0.0,0.329,0.0,0.0,0.158
9606.ENSP00000025008,9606.ENSP00000363389,RB1CC1,PDIK1L,9606,0.414,0.0,0.0,0.0,0.081,0.261,0.0,0.207
9606.ENSP00000025008,9606.ENSP00000277554,RB1CC1,NACC2,9606,0.428,0.0,0.0,0.0,0.0,0.0,0.0,0.428
9606.ENSP00000025008,9606.ENSP00000296782,RB1CC1,RICTOR,9606,0.509,0.0,0.0,0.0,0.183,0.0,0.0,0.423
9606.ENSP00000025008,9606.ENSP00000381185,RB1CC1,BCL2,9606,0.529,0.0,0.0,0.0,0.0,0.0,0.0,0.529
9606.ENSP00000025008,9606.ENSP00000351742,RB1CC1,TFEB,9606,0.588,0.0,0.0,0.0,0.0,0.0,0.0,0.588
9606.ENSP00000025008,9606.ENSP00000432412,RB1CC1,ATG13,9606,0.999,0.0,0.0,0.0,0.049,0.859,0.8,0.998
9606.ENSP00000053867,9606.ENSP00000351742,GRN,TFEB,9606,0.42,0.0,0.0,0.0,0.072,0.0,0.0,0.401
9606.ENSP00000053867,9606.ENSP00000352282,GRN,KLHDC1,9606,0.439,0.0,0.0,0.0,0.0,0.439,0.0,0.0
9606.ENSP00000053867,9606.ENSP00000262629,GRN,TYROBP,9606,0.497,0.0,0.0,0.0,0.26,0.0,0.0,0.348
9606.ENSP00000053867,9606.ENSP00000361405,GRN,MMP9,9606,0.585,0.0,0.0,0.0,0.102,0.0,0.0,0.557
9606.ENSP00000053867,9606.ENSP00000236671,GRN,CTSD,9606,0.866,0.0,0.0,0.0,0.64,0.292,0.0,0.517
9606.ENSP00000155093,9606.ENSP00000342812,ZFY,USP9Y,9606,0.999,0.0,0.0,0.0,0.999,0.0,0.0,0.876
9606.ENSP00000196061,9606.ENSP00000264808,PLOD1,PRDM5,9606,0.458,0.0,0.0,0.0,0.0,0.0,0.0,0.458
9606.ENSP00000196061,9606.ENSP00000319713,PLOD1,AGTRAP,9606,0.477,0.0,0.0,0.0,0.108,0.0,0.0,0.437
9606.ENSP00000196061,9606.ENSP00000361405,PLOD1,MMP9,9606,0.501,0.0,0.0,0.0,0.049,0.0,0.0,0.497
9606.ENSP00000196061,9606.ENSP00000497653,PLOD1,COL17A1,9606,0.574,0.0,0.0,0.0,0.066,0.071,0.5,0.135
9606.ENSP00000196061,9606.ENSP00000375069,PLOD1,COL23A1,9606,0.766,0.0,0.0,0.0,0.077,0.472,0.5,0.155
9606.ENSP00000198536,9606.ENSP00000363117,PILRA,FGR,9606,0.402,0.0,0.0,0.0,0.346,0.0,0.0,0.124
9606.ENSP00000198536,9606.ENSP00000318406,PILRA,KIAA0319L,9606,0.433,0.0,0.0,0.0,0.06,0.422,0.0,0.0
9606.ENSP00000198536,9606.ENSP00000216286,PILRA,NID2,9606,0.495,0.0,0.0,0.0,0.0,0.495,0.0,0.0
9606.ENSP00000198536,9606.ENSP00000227163,PILRA,SPI1,9606,0.526,0.0,0.0,0.0,0.349,0.0,0.0,0.302
9606.ENSP00000198536,9606.ENSP00000262629,PILRA,TYROBP,9606,0.528,0.0,0.0,0.0,0.349,0.0,0.0,0.305
9606.ENSP00000198536,9606.ENSP00000315997,PILRA,LILRB1,9606,0.708,0.0,0.0,0.0,0.162,0.0,0.0,0.666
9606.ENSP00000198536,9606.ENSP00000391592,PILRA,PTPN6,9606,0.796,0.0,0.0,0.0,0.125,0.6,0.0,0.464
9606.ENSP00000198536,9606.ENSP00000383115,PILRA,COLEC12,9606,0.829,0.0,0.0,0.0,0.045,0.405,0.5,0.472
9606.ENSP00000202816,9606.ENSP00000335557,ESF1,SLX4IP,9606,0.478,0.0,0.0,0.0,0.073,0.0,0.0,0.46
9606.ENSP00000217121,9606.ENSP00000306285,TPD52L2,TPD52L1,9606,0.849,0.0,0.0,0.0,0.0,0.712,0.0,0.498
9606.ENSP00000221957,9606.ENSP00000339328,PLIN3,PLAUR,9606,0.428,0.0,0.0,0.0,0.108,0.0,0.0,0.385
9606.ENSP00000221957,9606.ENSP00000300055,PLIN3,PLIN1,9606,0.496,0.0,0.0,0.0,0.0,0.0,0.0,0.496
9606.ENSP00000221957,9606.ENSP00000349124,PLIN3,PPP4R2,9606,0.605,0.0,0.0,0.0,0.044,0.604,0.0,0.0
9606.ENSP00000222120,9606.ENSP00000355511,RAB3D,CHML,9606,0.611,0.0,0.0,0.0,0.0,0.048,0.5,0.249
9606.ENSP00000225538,9606.ENSP00000227163,P2RX1,SPI1,9606,0.418,0.0,0.0,0.0,0.418,0.0,0.0,0.0
9606.ENSP00000225538,9606.ENSP00000356205,P2RX1,ADORA1,9606,0.451,0.0,0.0,0.0,0.0,0.0,0.0,0.451
9606.ENSP00000227163,9606.ENSP00000267953,SPI1,BCL2A1,9606,0.419,0.0,0.0,0.0,0.319,0.0,0.0,0.181
9606.ENSP00000227163,9606.ENSP00000457539,SPI1,APOBR,9606,0.43,0.0,0.0,0.0,0.43,0.0,0.0,0.0
9606.ENSP00000227163,9606.ENSP00000371194,SPI1,LSP1,9606,0.43,0.0,0.0,0.0,0.373,0.0,0.0,0.128
9606.ENSP00000227163,9606.ENSP00000420384,SPI1,CST7,9606,0.435,0.0,0.0,0.0,0.324,0.0,0.0,0.199
9606.ENSP00000227163,9606.ENSP00000498321,SPI1,MYD88,9606,0.449,0.0,0.0,0.0,0.092,0.0,0.0,0.418
9606.ENSP00000227163,9606.ENSP00000381185,SPI1,BCL2,9606,0.455,0.0,0.0,0.0,0.101,0.0,0.0,0.419
9606.ENSP00000227163,9606.ENSP00000361405,SPI1,MMP9,9606,0.458,0.0,0.0,0.0,0.203,0.0,0.0,0.348
9606.ENSP00000227163,9606.ENSP00000494550,SPI1,MYO1F,9606,0.462,0.0,0.0,0.0,0.441,0.0,0.0,0.077
9606.ENSP00000227163,9606.ENSP00000242480,SPI1,EGR2,9606,0.466,0.0,0.0,0.0,0.084,0.0,0.0,0.441
9606.ENSP00000227163,9606.ENSP00000277554,SPI1,NACC2,9606,0.468,0.0,0.0,0.219,0.048,0.0,0.0,0.342
9606.ENSP00000227163,9606.ENSP00000370340,SPI1,NFIB,9606,0.485,0.0,0.0,0.0,0.0,0.0,0.0,0.486
9606.ENSP00000227163,9606.ENSP00000391592,SPI1,PTPN6,9606,0.489,0.0,0.0,0.0,0.401,0.0,0.0,0.181
9606.ENSP00000227163,9606.ENSP00000479089,SPI1,OSCAR,9606,0.513,0.0,0.0,0.0,0.275,0.044,0.0,0.354
9606.ENSP00000227163,9606.ENSP00000233202,SPI1,SLC11A1,9606,0.528,0.0,0.0,0.0,0.259,0.0,0.0,0.388
9606.ENSP00000227163,9606.ENSP00000356430,SPI1,RGS18,9606,0.533,0.0,0.0,0.0,0.501,0.0,0.0,0.103
9606.ENSP00000227163,9606.ENSP00000331504,SPI1,FES,9606,0.568,0.0,0.0,0.0,0.317,0.292,0.0,0.18
9606.ENSP00000227163,9606.ENSP00000339467,SPI1,RHOG,9606,0.573,0.0,0.0,0.0,0.35,0.0,0.0,0.37
9606.ENSP00000227163,9606.ENSP00000363117,SPI1,FGR,9606,0.582,0.0,0.0,0.0,0.507,0.0,0.0,0.186
9606.ENSP00000227163,9606.ENSP00000229135,SPI1,IFNG,9606,0.586,0.0,0.0,0.0,0.068,0.0,0.0,0.575
9606.ENSP00000227163,9606.ENSP00000289473,SPI1,NCF1,9606,0.783,0.0,0.0,0.0,0.553,0.0,0.0,0.535
9606.ENSP00000227163,9606.ENSP00000498653,SPI1,DEK,9606,0.821,0.0,0.0,0.0,0.0,0.0,0.8,0.145
9606.ENSP00000227163,9606.ENSP00000262629,SPI1,TYROBP,9606,0.933,0.0,0.0,0.0,0.809,0.0,0.0,0.665
9606.ENSP00000227880,9606.ENSP00000262629,SLC15A3,TYROBP,9606,0.417,0.0,0.0,0.0,0.384,0.0,0.0,0.093
9606.ENSP00000227880,9606.ENSP00000233202,SLC15A3,SLC11A1,9606,0.477,0.0,0.0,0.0,0.271,0.0,0.0,0.313
9606.ENSP00000229135,9606.ENSP00000267953,IFNG,BCL2A1,9606,0.43,0.0,0.0,0.0,0.128,0.0,0.0,0.373
9606.ENSP00000229135,9606.ENSP00000245615,IFNG,MBOAT7,9606,0.431,0.0,0.0,0.0,0.0,0.0,0.0,0.431
9606.ENSP00000229135,9606.ENSP00000410798,IFNG,FCGRT,9606,0.46,0.0,0.0,0.0,0.06,0.0,0.0,0.449
9606.ENSP00000229135,9606.ENSP00000242480,IFNG,EGR2,9606,0.463,0.0,0.0,0.0,0.112,0.0,0.0,0.42
9606.ENSP00000229135,9606.ENSP00000469049,IFNG,TNFSF14,9606,0.472,0.0,0.0,0.0,0.111,0.0,0.0,0.43
9606.ENSP00000229135,9606.ENSP00000291700,IFNG,S100B,9606,0.474,0.0,0.0,0.0,0.0,0.0,0.0,0.474
9606.ENSP00000229135,9606.ENSP00000356198,IFNG,CHIT1,9606,0.483,0.0,0.0,0.0,0.049,0.0,0.0,0.479
9606.ENSP00000229135,9606.ENSP00000289473,IFNG,NCF1,9606,0.503,0.0,0.0,0.0,0.085,0.0,0.0,0.479
9606.ENSP00000229135,9606.ENSP00000483713,IFNG,KLRF1,9606,0.528,0.0,0.0,0.0,0.179,0.0,0.0,0.449
9606.ENSP00000229135,9606.ENSP00000484689,IFNG,IFITM2,9606,0.54,0.0,0.0,0.0,0.0,0.0,0.0,0.54
9606.ENSP00000229135,9606.ENSP00000262629,IFNG,TYROBP,9606,0.541,0.0,0.0,0.0,0.073,0.0,0.0,0.526
9606.ENSP00000229135,9606.ENSP00000366307,IFNG,THBD,9606,0.546,0.0,0.0,0.0,0.0,0.0,0.0,0.546
9606.ENSP00000229135,9606.ENSP00000373477,IFNG,GPX3,9606,0.548,0.0,0.0,0.0,0.0,0.0,0.0,0.548
9606.ENSP00000229135,9606.ENSP00000293778,IFNG,CXCL16,9606,0.584,0.0,0.0,0.0,0.0,0.0,0.0,0.584
9606.ENSP00000229135,9606.ENSP00000391592,IFNG,PTPN6,9606,0.585,0.0,0.0,0.0,0.077,0.0,0.4,0.311
9606.ENSP00000229135,9606.ENSP00000315997,IFNG,LILRB1,9606,0.595,0.0,0.0,0.0,0.068,0.0,0.0,0.583
9606.ENSP00000229135,9606.ENSP00000483825,IFNG,IKBKG,9606,0.596,0.0,0.0,0.0,0.0,0.0,0.0,0.596
9606.ENSP00000229135,9606.ENSP00000342215,IFNG,KIR2DL3,9606,0.607,0.0,0.0,0.0,0.182,0.0,0.0,0.54
9606.ENSP00000229135,9606.ENSP00000365402,IFNG,HLA-C,9606,0.609,0.0,0.0,0.0,0.0,0.0,0.0,0.609
9606.ENSP00000229135,9606.ENSP00000320936,IFNG,IL17RA,9606,0.625,0.0,0.0,0.0,0.0,0.0,0.0,0.625
9606.ENSP00000229135,9606.ENSP00000336769,IFNG,KIR2DL1,9606,0.635,0.0,0.0,0.0,0.18,0.0,0.0,0.573
9606.ENSP00000229135,9606.ENSP00000382707,IFNG,IFITM3,9606,0.635,0.0,0.0,0.0,0.047,0.0,0.0,0.632
9606.ENSP00000229135,9606.ENSP00000305988,IFNG,ALCAM,9606,0.641,0.0,0.0,0.0,0.098,0.0,0.0,0.619
9606.ENSP00000229135,9606.ENSP00000233202,IFNG,SLC11A1,9606,0.645,0.0,0.0,0.0,0.0,0.0,0.0,0.645
9606.ENSP00000229135,9606.ENSP00000294728,IFNG,VCAM1,9606,0.748,0.0,0.0,0.0,0.082,0.0,0.0,0.736
9606.ENSP00000229135,9606.ENSP00000375608,IFNG,KIR3DL1,9606,0.749,0.0,0.0,0.0,0.19,0.0,0.0,0.703
9606.ENSP00000229135,9606.ENSP00000361405,IFNG,MMP9,9606,0.751,0.0,0.0,0.0,0.091,0.0,0.0,0.737
9606.ENSP00000229135,9606.ENSP00000330393,IFNG,LEPR,9606,0.778,0.0,0.0,0.0,0.0,0.0,0.65,0.392
9606.ENSP00000229135,9606.ENSP00000381185,IFNG,BCL2,9606,0.795,0.0,0.0,0.0,0.092,0.0,0.0,0.783
9606.ENSP00000229135,9606.ENSP00000478699,IFNG,TNFRSF9,9606,0.801,0.0,0.0,0.0,0.177,0.0,0.0,0.769
9606.ENSP00000229135,9606.ENSP00000296027,IFNG,CXCL5,9606,0.803,0.0,0.0,0.0,0.136,0.0,0.0,0.781
9606.ENSP00000229135,9606.ENSP00000356438,IFNG,PTGS2,9606,0.816,0.0,0.0,0.0,0.099,0.0,0.0,0.804
9606.ENSP00000229135,9606.ENSP00000498321,IFNG,MYD88,9606,0.899,0.0,0.0,0.0,0.0,0.0,0.0,0.899
9606.ENSP00000231524,9606.ENSP00000385158,TRIM23,FAM161A,9606,0.427,0.0,0.0,0.0,0.06,0.247,0.0,0.254
9606.ENSP00000231524,9606.ENSP00000236671,TRIM23,CTSD,9606,0.468,0.0,0.0,0.0,0.063,0.066,0.0,0.44
9606.ENSP00000231524,9606.ENSP00000483825,TRIM23,IKBKG,9606,0.475,0.0,0.0,0.0,0.065,0.292,0.0,0.27
9606.ENSP00000233202,9606.ENSP00000363117,SLC11A1,FGR,9606,0.449,0.0,0.0,0.0,0.347,0.067,0.0,0.169
9606.ENSP00000233202,9606.ENSP00000375618,SLC11A1,LILRA2,9606,0.455,0.0,0.0,0.0,0.437,0.0,0.0,0.073
9606.ENSP00000233202,9606.ENSP00000469049,SLC11A1,TNFSF14,9606,0.456,0.0,0.0,0.0,0.108,0.0,0.0,0.415
9606.ENSP00000233202,9606.ENSP00000391747,SLC11A1,LACC1,9606,0.491,0.0,0.0,0.0,0.049,0.0,0.0,0.487
9606.ENSP00000233202,9606.ENSP00000262629,SLC11A1,TYROBP,9606,0.541,0.0,0.0,0.0,0.484,0.0,0.0,0.147
9606.ENSP00000233202,9606.ENSP00000407763,SLC11A1,CCDC122,9606,0.547,0.0,0.0,0.0,0.062,0.0,0.0,0.537
9606.ENSP00000233202,9606.ENSP00000273062,SLC11A1,CTDSP1,9606,0.623,0.0,0.0,0.0,0.062,0.0,0.0,0.615
9606.ENSP00000236671,9606.ENSP00000420384,CTSD,CST7,9606,0.445,0.0,0.0,0.0,0.049,0.0,0.0,0.44
9606.ENSP00000236671,9606.ENSP00000314129,CTSD,TFE3,9606,0.453,0.0,0.0,0.0,0.083,0.0,0.0,0.428
9606.ENSP00000236671,9606.ENSP00000262629,CTSD,TYROBP,9606,0.481,0.0,0.0,0.0,0.194,0.0,0.0,0.382
9606.ENSP00000236671,9606.ENSP00000371420,CTSD,GPNMB,9606,0.507,0.0,0.0,0.0,0.222,0.045,0.0,0.39
9606.ENSP00000236671,9606.ENSP00000361405,CTSD,MMP9,9606,0.523,0.0,0.0,0.0,0.116,0.0,0.0,0.483
9606.ENSP00000236671,9606.ENSP00000351742,CTSD,TFEB,9606,0.729,0.0,0.0,0.0,0.056,0.0,0.0,0.725
9606.ENSP00000236671,9606.ENSP00000381185,CTSD,BCL2,9606,0.949,0.0,0.0,0.0,0.0,0.0,0.9,0.514
9606.ENSP00000242480,9606.ENSP00000361405,EGR2,MMP9,9606,0.448,0.0,0.0,0.0,0.072,0.0,0.0,0.43
9606.ENSP00000242480,9606.ENSP00000356438,EGR2,PTGS2,9606,0.451,0.0,0.0,0.0,0.228,0.045,0.0,0.315
9606.ENSP00000242480,9606.ENSP00000381185,EGR2,BCL2,9606,0.555,0.0,0.0,0.0,0.048,0.0,0.0,0.552
9606.ENSP00000242480,9606.ENSP00000316578,EGR2,SUZ12,9606,0.597,0.0,0.0,0.0,0.0,0.11,0.5,0.167
9606.ENSP00000242591,9606.ENSP00000448012,IFT81,CEP290,9606,0.601,0.0,0.0,0.0,0.151,0.0,0.0,0.549
9606.ENSP00000247226,9606.ENSP00000289473,PLEKHG3,NCF1,9606,0.413,0.0,0.0,0.0,0.058,0.0,0.4,0.045
9606.ENSP00000247226,9606.ENSP00000369400,PLEKHG3,NHS,9606,0.415,0.0,0.0,0.0,0.066,0.0,0.4,0.0
9606.ENSP00000247226,9606.ENSP00000339467,PLEKHG3,RHOG,9606,0.639,0.0,0.0,0.0,0.056,0.171,0.5,0.186
9606.ENSP00000247270,9606.ENSP00000316578,EVI2A,SUZ12,9606,0.537,0.0,0.0,0.0,0.05,0.0,0.0,0.533
9606.ENSP00000249750,9606.ENSP00000387683,ALDH1A2,UGT2B11,9606,0.665,0.0,0.0,0.0,0.062,0.0,0.65,0.063
9606.ENSP00000251496,9606.ENSP00000350447,NCAPG,SGO2,9606,0.573,0.0,0.0,0.0,0.424,0.0,0.0,0.29
9606.ENSP00000251496,9606.ENSP00000311429,NCAPG,ZWILCH,9606,0.688,0.0,0.0,0.0,0.614,0.0,0.0,0.224
9606.ENSP00000251496,9606.ENSP00000360793,NCAPG,KIF20B,9606,0.823,0.0,0.0,0.0,0.787,0.0,0.0,0.204
9606.ENSP00000251496,9606.ENSP00000376457,NCAPG,ECT2,9606,0.865,0.0,0.0,0.0,0.813,0.0,0.0,0.307
9606.ENSP00000251810,9606.ENSP00000326119,RRM2B,PMAIP1,9606,0.45,0.0,0.0,0.0,0.048,0.0,0.0,0.446
9606.ENSP00000252321,9606.ENSP00000386306,KCNA5,SCN9A,9606,0.438,0.0,0.0,0.0,0.046,0.094,0.0,0.402
9606.ENSP00000254846,9606.ENSP00000382204,KDM6B,JMJD1C,9606,0.555,0.0,0.0,0.0,0.11,0.0,0.0,0.52
9606.ENSP00000254846,9606.ENSP00000341280,KDM6B,JARID2,9606,0.627,0.0,0.0,0.0,0.055,0.045,0.0,0.62
9606.ENSP00000254846,9606.ENSP00000498321,KDM6B,MYD88,9606,0.689,0.0,0.0,0.0,0.076,0.579,0.0,0.264
9606.ENSP00000254846,9606.ENSP00000316578,KDM6B,SUZ12,9606,0.899,0.0,0.0,0.0,0.057,0.181,0.5,0.769
9606.ENSP00000255416,9606.ENSP00000382697,MYBPH,ROCK1,9606,0.45,0.0,0.0,0.0,0.0,0.292,0.0,0.255
9606.ENSP00000255416,9606.ENSP00000274643,MYBPH,MYLK4,9606,0.688,0.0,0.66,0.0,0.111,0.0,0.0,0.053
9606.ENSP00000257604,9606.ENSP00000395474,TRAFD1,SNX10,9606,0.402,0.0,0.0,0.0,0.049,0.0,0.0,0.397
9606.ENSP00000257604,9606.ENSP00000379975,TRAFD1,ILK,9606,0.549,0.0,0.0,0.0,0.049,0.279,0.0,0.395
9606.ENSP00000258499,9606.ENSP00000285420,USP44,OTUD6B,9606,0.413,0.0,0.0,0.0,0.0,0.0,0.0,0.413
9606.ENSP00000258499,9606.ENSP00000325018,USP44,ZNF569,9606,0.787,0.0,0.0,0.0,0.06,0.089,0.0,0.772
9606.ENSP00000259008,9606.ENSP00000261881,BRIP1,TIPIN,9606,0.544,0.0,0.0,0.0,0.155,0.0,0.0,0.483
9606.ENSP00000259008,9606.ENSP00000484288,BRIP1,LIG4,9606,0.575,0.0,0.0,0.0,0.13,0.0,0.0,0.532
9606.ENSP00000260408,9606.ENSP00000382697,ADAM10,ROCK1,9606,0.403,0.0,0.0,0.0,0.184,0.0,0.0,0.298
9606.ENSP00000260408,9606.ENSP00000284984,ADAM10,ADAMTS1,9606,0.411,0.0,0.0,0.0,0.042,0.0,0.0,0.41
9606.ENSP00000260408,9606.ENSP00000369129,ADAM10,DSP,9606,0.416,0.0,0.0,0.0,0.0,0.0,0.0,0.417
9606.ENSP00000260408,9606.ENSP00000361405,ADAM10,MMP9,9606,0.604,0.0,0.0,0.0,0.043,0.0,0.0,0.603
9606.ENSP00000260408,9606.ENSP00000497653,ADAM10,COL17A1,9606,0.634,0.0,0.0,0.0,0.0,0.046,0.4,0.412
9606.ENSP00000260408,9606.ENSP00000369442,ADAM10,KL,9606,0.721,0.0,0.0,0.0,0.0,0.0,0.0,0.721
9606.ENSP00000260408,9606.ENSP00000293778,ADAM10,CXCL16,9606,0.766,0.0,0.0,0.0,0.056,0.0,0.0,0.763
9606.ENSP00000260408,9606.ENSP00000381185,ADAM10,BCL2,9606,0.802,0.0,0.0,0.0,0.0,0.0,0.72,0.324
9606.ENSP00000260983,9606.ENSP00000288840,HECW2,SMAD6,9606,0.447,0.0,0.0,0.0,0.042,0.406,0.0,0.106
9606.ENSP00000260983,9606.ENSP00000268042,HECW2,ARRDC4,9606,0.518,0.0,0.0,0.0,0.042,0.269,0.0,0.367
9606.ENSP00000261183,9606.ENSP00000382697,OSBPL8,ROCK1,9606,0.468,0.0,0.0,0.0,0.357,0.046,0.0,0.203
9606.ENSP00000261881,9606.ENSP00000311429,TIPIN,ZWILCH,9606,0.604,0.0,0.0,0.0,0.454,0.0,0.0,0.304
9606.ENSP00000262126,9606.ENSP00000358590,ANKRD12,ZNF292,9606,0.547,0.0,0.0,0.0,0.375,0.091,0.0,0.267
9606.ENSP00000262629,9606.ENSP00000478699,TYROBP,TNFRSF9,9606,0.402,0.0,0.0,0.0,0.045,0.0,0.0,0.4
9606.ENSP00000262629,9606.ENSP00000457539,TYROBP,APOBR,9606,0.403,0.0,0.0,0.0,0.403,0.0,0.0,0.0
9606.ENSP00000262629,9606.ENSP00000356430,TYROBP,RGS18,9606,0.412,0.0,0.0,0.0,0.412,0.0,0.0,0.0
9606.ENSP00000262629,9606.ENSP00000410798,TYROBP,FCGRT,9606,0.426,0.0,0.0,0.0,0.339,0.0,0.0,0.166
9606.ENSP00000262629,9606.ENSP00000291860,TYROBP,KIR3DL3,9606,0.427,0.0,0.0,0.0,0.062,0.0,0.0,0.414
9606.ENSP00000262629,9606.ENSP00000498321,TYROBP,MYD88,9606,0.459,0.0,0.0,0.0,0.136,0.0,0.0,0.4
9606.ENSP00000262629,9606.ENSP00000289473,TYROBP,NCF1,9606,0.465,0.0,0.0,0.0,0.406,0.0,0.0,0.137
9606.ENSP00000262629,9606.ENSP00000381492,TYROBP,LAT2,9606,0.47,0.0,0.0,0.0,0.217,0.0,0.0,0.351
9606.ENSP00000262629,9606.ENSP00000371420,TYROBP,GPNMB,9606,0.492,0.0,0.0,0.0,0.163,0.0,0.0,0.418
9606.ENSP00000262629,9606.ENSP00000483713,TYROBP,KLRF1,9606,0.501,0.0,0.0,0.0,0.178,0.073,0.0,0.398
9606.ENSP00000262629,9606.ENSP00000391592,TYROBP,PTPN6,9606,0.598,0.0,0.0,0.0,0.257,0.0,0.0,0.481
9606.ENSP00000262629,9606.ENSP00000361405,TYROBP,MMP9,9606,0.626,0.0,0.0,0.0,0.354,0.0,0.0,0.445
9606.ENSP00000262629,9606.ENSP00000494550,TYROBP,MYO1F,9606,0.682,0.0,0.0,0.0,0.556,0.0,0.0,0.312
9606.ENSP00000262629,9606.ENSP00000363117,TYROBP,FGR,9606,0.739,0.0,0.0,0.0,0.584,0.0,0.0,0.4
9606.ENSP00000262629,9606.ENSP00000375618,TYROBP,LILRA2,9606,0.751,0.0,0.0,0.0,0.308,0.0,0.0,0.655
9606.ENSP00000262629,9606.ENSP00000315997,TYROBP,LILRB1,9606,0.753,0.0,0.0,0.0,0.246,0.045,0.0,0.685
9606.ENSP00000262629,9606.ENSP00000420384,TYROBP,CST7,9606,0.759,0.0,0.0,0.0,0.338,0.0,0.0,0.651
9606.ENSP00000262629,9606.ENSP00000336769,TYROBP,KIR2DL1,9606,0.801,0.0,0.0,0.0,0.103,0.0,0.0,0.788
9606.ENSP00000262629,9606.ENSP00000375608,TYROBP,KIR3DL1,9606,0.817,0.0,0.0,0.0,0.104,0.0,0.0,0.805
9606.ENSP00000262629,9606.ENSP00000342215,TYROBP,KIR2DL3,9606,0.821,0.0,0.0,0.0,0.103,0.628,0.0,0.507
9606.ENSP00000262629,9606.ENSP00000365402,TYROBP,HLA-C,9606,0.874,0.0,0.0,0.0,0.149,0.0,0.7,0.547
9606.ENSP00000262629,9606.ENSP00000479089,TYROBP,OSCAR,9606,0.982,0.0,0.0,0.0,0.245,0.045,0.0,0.978
9606.ENSP00000262629,9606.ENSP00000371018,TYROBP,SIRPB1,9606,0.999,0.0,0.0,0.0,0.202,0.51,0.9,0.99
9606.ENSP00000262904,9606.ENSP00000341280,E2F3,JARID2,9606,0.4,0.0,0.0,0.0,0.091,0.0,0.0,0.366
9606.ENSP00000262904,9606.ENSP00000381185,E2F3,BCL2,9606,0.53,0.0,0.0,0.0,0.049,0.0,0.0,0.527
9606.ENSP00000262904,9606.ENSP00000316578,E2F3,SUZ12,9606,0.631,0.0,0.0,0.0,0.082,0.088,0.5,0.223
9606.ENSP00000262904,9606.ENSP00000498653,E2F3,DEK,9606,0.636,0.0,0.0,0.0,0.086,0.292,0.0,0.483
9606.ENSP00000262904,9606.ENSP00000314129,E2F3,TFE3,9606,0.881,0.0,0.0,0.0,0.0,0.292,0.0,0.839
9606.ENSP00000263635,9606.ENSP00000334382,TANC1,HOMER1,9606,0.633,0.0,0.0,0.0,0.049,0.095,0.0,0.608
9606.ENSP00000265361,9606.ENSP00000305988,SEMA3C,ALCAM,9606,0.471,0.0,0.0,0.0,0.083,0.0,0.0,0.447
9606.ENSP00000265843,9606.ENSP00000355511,EXPH5,CHML,9606,0.648,0.0,0.0,0.0,0.0,0.0,0.0,0.648
9606.ENSP00000267953,9606.ENSP00000435412,BCL2A1,RPS6KA1,9606,0.431,0.0,0.0,0.0,0.087,0.0,0.0,0.403
9606.ENSP00000267953,9606.ENSP00000356438,BCL2A1,PTGS2,9606,0.481,0.0,0.0,0.0,0.224,0.0,0.0,0.358
9606.ENSP00000267953,9606.ENSP00000381185,BCL2A1,BCL2,9606,0.677,0.0,0.0,0.0,0.067,0.0,0.0,0.668
9606.ENSP00000267953,9606.ENSP00000326119,BCL2A1,PMAIP1,9606,0.999,0.0,0.0,0.0,0.127,0.907,0.0,0.995
9606.ENSP00000271638,9606.ENSP00000310301,S100A11,SP3,9606,0.525,0.0,0.0,0.0,0.045,0.091,0.0,0.497
9606.ENSP00000271638,9606.ENSP00000291700,S100A11,S100B,9606,0.593,0.0,0.0,0.0,0.0,0.292,0.0,0.449
9606.ENSP00000275072,9606.ENSP00000386029,PM20D2,GABRR2,9606,0.429,0.0,0.0,0.0,0.0,0.0,0.0,0.429
9606.ENSP00000279387,9606.ENSP00000369390,PPP4C,CDK14,9606,0.441,0.0,0.0,0.0,0.104,0.116,0.0,0.352
9606.ENSP00000279387,9606.ENSP00000282412,PPP4C,PPM1B,9606,0.455,0.0,0.0,0.0,0.083,0.107,0.0,0.388
9606.ENSP00000279387,9606.ENSP00000305260,PPP4C,GNB2,9606,0.491,0.0,0.0,0.0,0.42,0.053,0.0,0.146
9606.ENSP00000279387,9606.ENSP00000483825,PPP4C,IKBKG,9606,0.623,0.0,0.0,0.0,0.083,0.292,0.0,0.467
9606.ENSP00000279387,9606.ENSP00000349124,PPP4C,PPP4R2,9606,0.999,0.0,0.0,0.0,0.163,0.994,0.9,0.998
9606.ENSP00000280098,9606.ENSP00000401878,SPOPL,KBTBD8,9606,0.914,0.0,0.0,0.0,0.092,0.099,0.9,0.074
9606.ENSP00000282633,9606.ENSP00000484713,WASHC2A,WASHC4,9606,0.988,0.0,0.0,0.0,0.125,0.787,0.72,0.812
9606.ENSP00000284984,9606.ENSP00000356438,ADAMTS1,PTGS2,9606,0.402,0.0,0.0,0.0,0.114,0.0,0.0,0.353
9606.ENSP00000284984,9606.ENSP00000361405,ADAMTS1,MMP9,9606,0.498,0.0,0.0,0.0,0.057,0.045,0.0,0.487
9606.ENSP00000288840,9606.ENSP00000308369,SMAD6,LEMD3,9606,0.404,0.0,0.0,0.0,0.055,0.295,0.0,0.178
9606.ENSP00000289473,9606.ENSP00000298355,NCF1,TRIM9,9606,0.412,0.0,0.0,0.0,0.0,0.412,0.0,0.0
9606.ENSP00000289473,9606.ENSP00000340983,NCF1,LRRC25,9606,0.412,0.0,0.0,0.0,0.403,0.0,0.0,0.055
9606.ENSP00000289473,9606.ENSP00000356438,NCF1,PTGS2,9606,0.426,0.0,0.0,0.0,0.075,0.0,0.0,0.405
9606.ENSP00000289473,9606.ENSP00000498321,NCF1,MYD88,9606,0.433,0.0,0.0,0.0,0.086,0.091,0.0,0.372
9606.ENSP00000289473,9606.ENSP00000391592,NCF1,PTPN6,9606,0.441,0.0,0.0,0.0,0.31,0.091,0.0,0.181
9606.ENSP00000289473,9606.ENSP00000382697,NCF1,ROCK1,9606,0.484,0.0,0.0,0.0,0.076,0.101,0.0,0.429
9606.ENSP00000289473,9606.ENSP00000361009,NCF1,PREX1,9606,0.493,0.0,0.0,0.0,0.095,0.296,0.0,0.268
9606.ENSP00000289473,9606.ENSP00000363117,NCF1,FGR,9606,0.582,0.0,0.0,0.0,0.409,0.101,0.0,0.276
9606.ENSP00000289473,9606.ENSP00000373477,NCF1,GPX3,9606,0.684,0.0,0.0,0.0,0.0,0.0,0.0,0.684
9606.ENSP00000289473,9606.ENSP00000294728,NCF1,VCAM1,9606,0.942,0.0,0.0,0.0,0.043,0.0,0.9,0.445
9606.ENSP00000289473,9606.ENSP00000361405,NCF1,MMP9,9606,0.95,0.0,0.0,0.0,0.189,0.0,0.9,0.432
9606.ENSP00000291700,9606.ENSP00000361405,S100B,MMP9,9606,0.48,0.0,0.0,0.0,0.0,0.0,0.0,0.48
9606.ENSP00000291700,9606.ENSP00000305988,S100B,ALCAM,9606,0.844,0.0,0.0,0.0,0.0,0.0,0.0,0.844
9606.ENSP00000291700,9606.ENSP00000435412,S100B,RPS6KA1,9606,0.975,0.0,0.0,0.0,0.0,0.901,0.0,0.758
9606.ENSP00000291860,9606.ENSP00000360293,KIR3DL3,SORBS1,9606,0.822,0.0,0.0,0.0,0.0,0.0,0.0,0.822
9606.ENSP00000291860,9606.ENSP00000391592,KIR3DL3,PTPN6,9606,0.9,0.0,0.0,0.0,0.0,0.0,0.9,0.0
9606.ENSP00000291860,9606.ENSP00000365402,KIR3DL3,HLA-C,9606,0.915,0.0,0.0,0.0,0.042,0.165,0.65,0.733
9606.ENSP00000291860,9606.ENSP00000336769,KIR3DL3,KIR2DL1,9606,0.991,0.0,0.0,0.058,0.802,0.0,0.9,0.583
9606.ENSP00000291860,9606.ENSP00000342215,KIR3DL3,KIR2DL3,9606,0.999,0.0,0.0,0.056,0.999,0.166,0.9,0.353
9606.ENSP00000291860,9606.ENSP00000375608,KIR3DL3,KIR3DL1,9606,0.999,0.0,0.0,0.052,0.999,0.0,0.9,0.388
9606.ENSP00000293778,9606.ENSP00000369442,CXCL16,KL,9606,0.464,0.0,0.0,0.0,0.042,0.0,0.0,0.464
9606.ENSP00000293778,9606.ENSP00000361405,CXCL16,MMP9,9606,0.494,0.0,0.0,0.0,0.083,0.0,0.0,0.471
9606.ENSP00000293778,9606.ENSP00000294728,CXCL16,VCAM1,9606,0.675,0.0,0.0,0.0,0.092,0.0,0.0,0.657
9606.ENSP00000293778,9606.ENSP00000296027,CXCL16,CXCL5,9606,0.84,0.0,0.0,0.0,0.055,0.0,0.5,0.688
9606.ENSP00000294724,9606.ENSP00000369820,AGL,PIGA,9606,0.583,0.09,0.0,0.0,0.154,0.068,0.387,0.198
9606.ENSP00000294724,9606.ENSP00000386306,AGL,SCN9A,9606,0.81,0.0,0.0,0.0,0.0,0.0,0.0,0.81
9606.ENSP00000294724,9606.ENSP00000420449,AGL,MGAM2,9606,0.939,0.098,0.0,0.0,0.0,0.0,0.911,0.305
9606.ENSP00000294728,9606.ENSP00000478699,VCAM1,TNFRSF9,9606,0.409,0.0,0.0,0.0,0.195,0.0,0.0,0.296
9606.ENSP00000294728,9606.ENSP00000373477,VCAM1,GPX3,9606,0.483,0.0,0.0,0.0,0.049,0.0,0.0,0.479
9606.ENSP00000294728,9606.ENSP00000296027,VCAM1,CXCL5,9606,0.519,0.0,0.0,0.0,0.049,0.114,0.0,0.476
9606.ENSP00000294728,9606.ENSP00000381185,VCAM1,BCL2,9606,0.589,0.0,0.0,0.0,0.042,0.141,0.0,0.541
9606.ENSP00000294728,9606.ENSP00000366307,VCAM1,THBD,9606,0.674,0.0,0.0,0.0,0.047,0.113,0.0,0.646
9606.ENSP00000294728,9606.ENSP00000498321,VCAM1,MYD88,9606,0.691,0.0,0.0,0.0,0.086,0.0,0.0,0.676
9606.ENSP00000294728,9606.ENSP00000361405,VCAM1,MMP9,9606,0.748,0.0,0.0,0.0,0.06,0.045,0.0,0.742
9606.ENSP00000294728,9606.ENSP00000356438,VCAM1,PTGS2,9606,0.758,0.0,0.0,0.0,0.053,0.0,0.0,0.755
9606.ENSP00000295777,9606.ENSP00000318165,SERPINI1,OS9,9606,0.434,0.0,0.0,0.0,0.0,0.292,0.0,0.234
9606.ENSP00000295777,9606.ENSP00000376506,SERPINI1,PDCD10,9606,0.559,0.0,0.029,0.0,0.083,0.0,0.0,0.538
9606.ENSP00000295887,9606.ENSP00000477515,CDS1,DGKK,9606,0.658,0.0,0.0,0.0,0.0,0.0,0.65,0.065
9606.ENSP00000295887,9606.ENSP00000337572,CDS1,DGKH,9606,0.674,0.0,0.0,0.0,0.043,0.0,0.65,0.106
9606.ENSP00000296027,9606.ENSP00000320936,CXCL5,IL17RA,9606,0.493,0.0,0.0,0.0,0.055,0.0,0.0,0.485
9606.ENSP00000296027,9606.ENSP00000356438,CXCL5,PTGS2,9606,0.56,0.0,0.0,0.0,0.168,0.0,0.0,0.492
9606.ENSP00000296027,9606.ENSP00000361405,CXCL5,MMP9,9606,0.83,0.0,0.0,0.0,0.145,0.292,0.0,0.742
9606.ENSP00000296782,9606.ENSP00000351742,RICTOR,TFEB,9606,0.412,0.0,0.0,0.0,0.0,0.0,0.0,0.412
9606.ENSP00000296782,9606.ENSP00000381185,RICTOR,BCL2,9606,0.433,0.0,0.0,0.0,0.0,0.0,0.0,0.433
9606.ENSP00000296782,9606.ENSP00000483825,RICTOR,IKBKG,9606,0.456,0.0,0.0,0.0,0.047,0.0,0.0,0.453
9606.ENSP00000296782,9606.ENSP00000432412,RICTOR,ATG13,9606,0.515,0.0,0.0,0.0,0.049,0.0,0.0,0.51
9606.ENSP00000296782,9606.ENSP00000361009,RICTOR,PREX1,9606,0.684,0.0,0.0,0.0,0.063,0.51,0.0,0.368
9606.ENSP00000296782,9606.ENSP00000435412,RICTOR,RPS6KA1,9606,0.752,0.0,0.0,0.0,0.044,0.0,0.0,0.751
9606.ENSP00000296782,9606.ENSP00000379975,RICTOR,ILK,9606,0.977,0.0,0.0,0.0,0.042,0.334,0.0,0.967
9606.ENSP00000297814,9606.ENSP00000360793,KIF27,KIF20B,9606,0.617,0.0,0.0,0.0,0.11,0.0,0.54,0.14
9606.ENSP00000297814,9606.ENSP00000332353,KIF27,PTCH1,9606,0.621,0.0,0.0,0.0,0.0,0.091,0.0,0.6
9606.ENSP00000298596,9606.ENSP00000336769,STOX1,KIR2DL1,9606,0.429,0.0,0.0,0.0,0.0,0.0,0.0,0.429
9606.ENSP00000298596,9606.ENSP00000365402,STOX1,HLA-C,9606,0.448,0.0,0.0,0.0,0.0,0.0,0.0,0.448
9606.ENSP00000300055,9606.ENSP00000375618,PLIN1,LILRA2,9606,0.495,0.0,0.0,0.0,0.087,0.093,0.0,0.44
9606.ENSP00000300055,9606.ENSP00000330393,PLIN1,LEPR,9606,0.571,0.0,0.0,0.0,0.048,0.0,0.0,0.568
9606.ENSP00000300055,9606.ENSP00000497642,PLIN1,LPL,9606,0.667,0.0,0.0,0.0,0.14,0.0,0.0,0.629
9606.ENSP00000305260,9606.ENSP00000347655,GNB2,GRK6,9606,0.409,0.0,0.0,0.0,0.154,0.149,0.0,0.245
9606.ENSP00000305260,9606.ENSP00000318165,GNB2,OS9,9606,0.424,0.0,0.0,0.0,0.122,0.0,0.0,0.371
9606.ENSP00000305260,9606.ENSP00000356430,GNB2,RGS18,9606,0.627,0.0,0.0,0.0,0.068,0.178,0.5,0.142
9606.ENSP00000305260,9606.ENSP00000405963,GNB2,RASGRF1,9606,0.655,0.0,0.0,0.0,0.0,0.0,0.65,0.056
9606.ENSP00000305260,9606.ENSP00000363553,GNB2,LPAR1,9606,0.677,0.0,0.0,0.0,0.102,0.303,0.5,0.091
9606.ENSP00000305260,9606.ENSP00000361009,GNB2,PREX1,9606,0.932,0.0,0.0,0.0,0.083,0.245,0.9,0.138
9606.ENSP00000305988,9606.ENSP00000356438,ALCAM,PTGS2,9606,0.501,0.0,0.0,0.0,0.079,0.0,0.0,0.481
9606.ENSP00000306285,9606.ENSP00000349781,TPD52L1,TBC1D8B,9606,0.504,0.0,0.0,0.0,0.049,0.0,0.5,0.0
9606.ENSP00000308369,9606.ENSP00000332073,LEMD3,MGAT1,9606,0.417,0.0,0.0,0.0,0.047,0.0,0.0,0.413
9606.ENSP00000308369,9606.ENSP00000378725,LEMD3,KTN1,9606,0.439,0.0,0.0,0.0,0.067,0.0,0.4,0.078
9606.ENSP00000308369,9606.ENSP00000339467,LEMD3,RHOG,9606,0.547,0.0,0.0,0.0,0.042,0.13,0.5,0.0
9606.ENSP00000308369,9606.ENSP00000369820,LEMD3,PIGA,9606,0.617,0.0,0.0,0.0,0.138,0.0,0.0,0.574
9606.ENSP00000310301,9606.ENSP00000316578,SP3,SUZ12,9606,0.446,0.0,0.0,0.0,0.179,0.11,0.0,0.303
9606.ENSP00000311429,9606.ENSP00000360793,ZWILCH,KIF20B,9606,0.418,0.0,0.0,0.0,0.359,0.124,0.0,0.046
9606.ENSP00000311429,9606.ENSP00000376457,ZWILCH,ECT2,9606,0.564,0.0,0.0,0.0,0.504,0.0,0.0,0.156
9606.ENSP00000311429,9606.ENSP00000350447,ZWILCH,SGO2,9606,0.646,0.0,0.0,0.0,0.388,0.0,0.0,0.446
9606.ENSP00000314129,9606.ENSP00000371420,TFE3,GPNMB,9606,0.41,0.0,0.0,0.0,0.0,0.0,0.0,0.41
9606.ENSP00000314129,9606.ENSP00000432412,TFE3,ATG13,9606,0.448,0.0,0.0,0.0,0.078,0.0,0.0,0.426
9606.ENSP00000314129,9606.ENSP00000351742,TFE3,TFEB,9606,0.979,0.0,0.0,0.064,0.073,0.831,0.8,0.419
9606.ENSP00000314518,9606.ENSP00000428259,LYSMD3,CETN3,9606,0.428,0.0,0.0,0.0,0.084,0.0,0.0,0.402
9606.ENSP00000315997,9606.ENSP00000336769,LILRB1,KIR2DL1,9606,0.469,0.0,0.0,0.0,0.062,0.0,0.0,0.458
9606.ENSP00000315997,9606.ENSP00000483713,LILRB1,KLRF1,9606,0.563,0.0,0.0,0.0,0.086,0.0,0.0,0.542
9606.ENSP00000315997,9606.ENSP00000371194,LILRB1,LSP1,9606,0.83,0.0,0.0,0.0,0.134,0.811,0.0,0.0
9606.ENSP00000315997,9606.ENSP00000391592,LILRB1,PTPN6,9606,0.99,0.0,0.0,0.0,0.177,0.528,0.9,0.785
9606.ENSP00000315997,9606.ENSP00000365402,LILRB1,HLA-C,9606,0.997,0.0,0.0,0.0,0.089,0.396,0.5,0.991
9606.ENSP00000316578,9606.ENSP00000498653,SUZ12,DEK,9606,0.498,0.0,0.0,0.0,0.261,0.0,0.0,0.348
9606.ENSP00000316578,9606.ENSP00000329918,SUZ12,MEX3B,9606,0.58,0.0,0.0,0.0,0.0,0.292,0.0,0.431
9606.ENSP00000316578,9606.ENSP00000317686,SUZ12,ZFP42,9606,0.727,0.0,0.0,0.0,0.079,0.11,0.54,0.361
9606.ENSP00000316578,9606.ENSP00000358862,SUZ12,PCGF6,9606,0.951,0.0,0.0,0.0,0.085,0.0,0.9,0.516
9606.ENSP00000316578,9606.ENSP00000341280,SUZ12,JARID2,9606,0.999,0.0,0.0,0.0,0.049,0.986,0.5,0.996
9606.ENSP00000317144,9606.ENSP00000448012,PIBF1,CEP290,9606,0.691,0.0,0.0,0.0,0.335,0.292,0.0,0.397
9606.ENSP00000317686,9606.ENSP00000362268,ZFP42,APOOL,9606,0.461,0.0,0.0,0.0,0.0,0.045,0.0,0.459
9606.ENSP00000317686,9606.ENSP00000341280,ZFP42,JARID2,9606,0.55,0.0,0.0,0.0,0.042,0.096,0.36,0.284
9606.ENSP00000317686,9606.ENSP00000358862,ZFP42,PCGF6,9606,0.588,0.0,0.0,0.0,0.0,0.042,0.54,0.14
9606.ENSP00000318147,9606.ENSP00000347532,EDEM3,SHTN1,9606,0.4,0.0,0.0,0.0,0.044,0.0,0.0,0.398
9606.ENSP00000318147,9606.ENSP00000318165,EDEM3,OS9,9606,0.921,0.0,0.0,0.0,0.049,0.573,0.0,0.822
9606.ENSP00000320936,9606.ENSP00000361405,IL17RA,MMP9,9606,0.42,0.0,0.0,0.0,0.146,0.0,0.0,0.348
9606.ENSP00000320936,9606.ENSP00000498321,IL17RA,MYD88,9606,0.507,0.0,0.0,0.0,0.162,0.0,0.0,0.436
9606.ENSP00000324422,9606.ENSP00000339467,ZYX,RHOG,9606,0.448,0.0,0.0,0.0,0.394,0.0,0.0,0.127
9606.ENSP00000324422,9606.ENSP00000379975,ZYX,ILK,9606,0.8,0.0,0.0,0.0,0.297,0.0,0.0,0.727
9606.ENSP00000326119,9606.ENSP00000381185,PMAIP1,BCL2,9606,0.999,0.0,0.0,0.0,0.042,0.628,0.9,0.997
9606.ENSP00000330393,9606.ENSP00000497642,LEPR,LPL,9606,0.451,0.0,0.0,0.0,0.049,0.0,0.0,0.447
9606.ENSP00000331504,9606.ENSP00000363117,FES,FGR,9606,0.416,0.0,0.0,0.089,0.247,0.096,0.0,0.169
9606.ENSP00000331504,9606.ENSP00000452746,FES,PSTPIP1,9606,0.606,0.0,0.0,0.0,0.272,0.0,0.0,0.481
9606.ENSP00000332111,9606.ENSP00000484852,EFCAB13,ZNF283,9606,0.417,0.0,0.0,0.0,0.042,0.095,0.0,0.382
9606.ENSP00000332111,9606.ENSP00000457539,EFCAB13,APOBR,9606,0.453,0.0,0.0,0.234,0.0,0.0,0.0,0.316
9606.ENSP00000332111,9606.ENSP00000494550,EFCAB13,MYO1F,9606,0.491,0.0,0.0,0.0,0.0,0.446,0.0,0.119
9606.ENSP00000332353,9606.ENSP00000381185,PTCH1,BCL2,9606,0.518,0.0,0.0,0.0,0.048,0.0,0.0,0.515
9606.ENSP00000333947,9606.ENSP00000480301,CHST15,IQSEC1,9606,0.591,0.0,0.0,0.0,0.187,0.0,0.0,0.518
9606.ENSP00000336769,9606.ENSP00000391747,KIR2DL1,LACC1,9606,0.588,0.0,0.0,0.0,0.0,0.0,0.0,0.588
9606.ENSP00000336769,9606.ENSP00000483713,KIR2DL1,KLRF1,9606,0.694,0.0,0.0,0.0,0.3,0.0,0.0,0.581
9606.ENSP00000336769,9606.ENSP00000360293,KIR2DL1,SORBS1,9606,0.874,0.0,0.0,0.0,0.0,0.0,0.0,0.874
9606.ENSP00000336769,9606.ENSP00000391592,KIR2DL1,PTPN6,9606,0.931,0.0,0.0,0.0,0.0,0.292,0.9,0.104
9606.ENSP00000336769,9606.ENSP00000375608,KIR2DL1,KIR3DL1,9606,0.993,0.0,0.0,0.051,0.807,0.19,0.9,0.629
9606.ENSP00000336769,9606.ENSP00000342215,KIR2DL1,KIR2DL3,9606,0.999,0.0,0.0,0.048,0.999,0.623,0.9,0.056
9606.ENSP00000336769,9606.ENSP00000365402,KIR2DL1,HLA-C,9606,0.999,0.0,0.0,0.0,0.042,0.848,0.9,0.999
9606.ENSP00000337572,9606.ENSP00000477515,DGKH,DGKK,9606,0.446,0.0,0.0,0.086,0.0,0.0,0.0,0.419
9606.ENSP00000337572,9606.ENSP00000497642,DGKH,LPL,9606,0.902,0.0,0.0,0.0,0.0,0.0,0.9,0.068
9606.ENSP00000339328,9606.ENSP00000497653,PLAUR,COL17A1,9606,0.424,0.0,0.0,0.0,0.045,0.0,0.0,0.422
9606.ENSP00000339328,9606.ENSP00000356438,PLAUR,PTGS2,9606,0.489,0.0,0.0,0.0,0.249,0.0,0.0,0.348
9606.ENSP00000339328,9606.ENSP00000366307,PLAUR,THBD,9606,0.716,0.0,0.0,0.0,0.162,0.0,0.54,0.323
9606.ENSP00000339328,9606.ENSP00000361405,PLAUR,MMP9,9606,0.772,0.0,0.0,0.0,0.167,0.0,0.0,0.738
9606.ENSP00000339467,9606.ENSP00000371194,RHOG,LSP1,9606,0.419,0.0,0.0,0.0,0.232,0.045,0.0,0.272
9606.ENSP00000339467,9606.ENSP00000376457,RHOG,ECT2,9606,0.43,0.0,0.0,0.0,0.0,0.139,0.0,0.365
9606.ENSP00000339467,9606.ENSP00000340594,RHOG,SYDE2,9606,0.44,0.0,0.0,0.0,0.0,0.109,0.0,0.398
9606.ENSP00000339467,9606.ENSP00000417142,RHOG,NDUFA5,9606,0.57,0.0,0.0,0.0,0.057,0.163,0.5,0.0
9606.ENSP00000339467,9606.ENSP00000379975,RHOG,ILK,9606,0.632,0.0,0.0,0.0,0.115,0.102,0.0,0.574
9606.ENSP00000339467,9606.ENSP00000382697,RHOG,ROCK1,9606,0.666,0.0,0.0,0.0,0.087,0.187,0.0,0.585
9606.ENSP00000339467,9606.ENSP00000361009,RHOG,PREX1,9606,0.771,0.0,0.0,0.0,0.064,0.302,0.4,0.485
9606.ENSP00000339467,9606.ENSP00000378725,RHOG,KTN1,9606,0.909,0.0,0.0,0.0,0.0,0.557,0.5,0.624
9606.ENSP00000340594,9606.ENSP00000372750,SYDE2,CHRM5,9606,0.474,0.0,0.0,0.0,0.091,0.0,0.0,0.445
9606.ENSP00000341280,9606.ENSP00000382204,JARID2,JMJD1C,9606,0.401,0.0,0.0,0.0,0.104,0.0,0.0,0.359
9606.ENSP00000341280,9606.ENSP00000358862,JARID2,PCGF6,9606,0.623,0.0,0.0,0.0,0.0,0.0,0.36,0.436
9606.ENSP00000341911,9606.ENSP00000403397,PALM,ZDHHC17,9606,0.745,0.0,0.0,0.0,0.0,0.0,0.0,0.745
9606.ENSP00000342215,9606.ENSP00000483713,KIR2DL3,KLRF1,9606,0.618,0.0,0.0,0.0,0.258,0.0,0.0,0.507
9606.ENSP00000342215,9606.ENSP00000360293,KIR2DL3,SORBS1,9606,0.814,0.0,0.0,0.0,0.0,0.0,0.0,0.814
9606.ENSP00000342215,9606.ENSP00000391592,KIR2DL3,PTPN6,9606,0.978,0.0,0.0,0.0,0.0,0.777,0.9,0.119
9606.ENSP00000342215,9606.ENSP00000375608,KIR2DL3,KIR3DL1,9606,0.998,0.0,0.0,0.051,0.977,0.237,0.9,0.462
9606.ENSP00000342215,9606.ENSP00000365402,KIR2DL3,HLA-C,9606,0.999,0.0,0.0,0.0,0.044,0.983,0.9,0.999
9606.ENSP00000342812,9606.ENSP00000491014,USP9Y,MIA2,9606,0.464,0.0,0.0,0.0,0.0,0.0,0.0,0.464
9606.ENSP00000344299,9606.ENSP00000355511,PTAR1,CHML,9606,0.579,0.0,0.0,0.0,0.144,0.404,0.0,0.242
9606.ENSP00000347532,9606.ENSP00000360793,SHTN1,KIF20B,9606,0.532,0.0,0.0,0.0,0.045,0.053,0.0,0.525
9606.ENSP00000347655,9606.ENSP00000380008,GRK6,LTB4R,9606,0.574,0.0,0.0,0.0,0.072,0.097,0.0,0.532
9606.ENSP00000349781,9606.ENSP00000350651,TBC1D8B,ERI2,9606,0.441,0.0,0.0,0.0,0.073,0.0,0.0,0.421
9606.ENSP00000350447,9606.ENSP00000360793,SGO2,KIF20B,9606,0.603,0.0,0.0,0.0,0.475,0.0,0.0,0.274
9606.ENSP00000351742,9606.ENSP00000381185,TFEB,BCL2,9606,0.428,0.0,0.0,0.0,0.047,0.0,0.0,0.425
9606.ENSP00000351742,9606.ENSP00000432412,TFEB,ATG13,9606,0.821,0.0,0.0,0.0,0.048,0.0,0.0,0.819
9606.ENSP00000353538,9606.ENSP00000448012,LRRCC1,CEP290,9606,0.501,0.0,0.0,0.0,0.296,0.108,0.0,0.269
9606.ENSP00000353734,9606.ENSP00000405963,PLAGL1,RASGRF1,9606,0.49,0.0,0.0,0.0,0.0,0.064,0.0,0.478
9606.ENSP00000353739,9606.ENSP00000362187,PCMTD1,FAM102A,9606,0.601,0.0,0.0,0.0,0.0,0.0,0.0,0.601
9606.ENSP00000356198,9606.ENSP00000361405,CHIT1,MMP9,9606,0.401,0.0,0.0,0.0,0.15,0.0,0.0,0.324
9606.ENSP00000356198,9606.ENSP00000391747,CHIT1,LACC1,9606,0.418,0.0,0.0,0.0,0.0,0.0,0.0,0.419
9606.ENSP00000356205,9606.ENSP00000363553,ADORA1,LPAR1,9606,0.413,0.0,0.0,0.0,0.086,0.0,0.0,0.385
9606.ENSP00000356430,9606.ENSP00000393667,RGS18,FAM126B,9606,0.406,0.0,0.0,0.0,0.075,0.0,0.0,0.384
9606.ENSP00000356430,9606.ENSP00000420384,RGS18,CST7,9606,0.414,0.0,0.0,0.0,0.358,0.0,0.0,0.125
9606.ENSP00000356430,9606.ENSP00000363117,RGS18,FGR,9606,0.438,0.0,0.0,0.0,0.358,0.127,0.0,0.077
9606.ENSP00000356430,9606.ENSP00000363553,RGS18,LPAR1,9606,0.558,0.0,0.0,0.0,0.042,0.0,0.5,0.152
9606.ENSP00000356438,9606.ENSP00000366307,PTGS2,THBD,9606,0.418,0.0,0.0,0.0,0.211,0.0,0.0,0.293
9606.ENSP00000356438,9606.ENSP00000478561,PTGS2,CYP1B1,9606,0.46,0.0,0.0,0.0,0.099,0.0,0.0,0.425
9606.ENSP00000356438,9606.ENSP00000422464,PTGS2,PDGFC,9606,0.462,0.0,0.0,0.0,0.073,0.0,0.0,0.444
9606.ENSP00000356438,9606.ENSP00000373477,PTGS2,GPX3,9606,0.683,0.0,0.0,0.0,0.061,0.0,0.0,0.676
9606.ENSP00000356438,9606.ENSP00000498321,PTGS2,MYD88,9606,0.742,0.0,0.0,0.0,0.087,0.0,0.0,0.729
9606.ENSP00000356438,9606.ENSP00000381185,PTGS2,BCL2,9606,0.745,0.0,0.0,0.0,0.0,0.0,0.0,0.745
9606.ENSP00000356438,9606.ENSP00000361405,PTGS2,MMP9,9606,0.815,0.0,0.0,0.0,0.176,0.0,0.0,0.785
9606.ENSP00000356438,9606.ENSP00000360687,PTGS2,PTGDS,9606,0.945,0.0,0.0,0.0,0.044,0.0,0.9,0.479
9606.ENSP00000358590,9606.ENSP00000359469,ZNF292,ZNF644,9606,0.802,0.0,0.0,0.527,0.236,0.317,0.0,0.295
9606.ENSP00000360293,9606.ENSP00000440273,SORBS1,SH2B2,9606,0.634,0.0,0.0,0.0,0.0,0.515,0.0,0.277
9606.ENSP00000360293,9606.ENSP00000375608,SORBS1,KIR3DL1,9606,0.773,0.0,0.0,0.0,0.0,0.0,0.0,0.773
9606.ENSP00000360293,9606.ENSP00000403954,SORBS1,TENM1,9606,0.937,0.0,0.0,0.0,0.074,0.292,0.0,0.913
9606.ENSP00000360293,9606.ENSP00000365402,SORBS1,HLA-C,9606,0.99,0.0,0.0,0.0,0.0,0.0,0.0,0.99
9606.ENSP00000360793,9606.ENSP00000376457,KIF20B,ECT2,9606,0.713,0.0,0.0,0.0,0.449,0.071,0.0,0.485
9606.ENSP00000361405,9606.ENSP00000366307,MMP9,THBD,9606,0.428,0.0,0.0,0.0,0.109,0.0,0.0,0.385
9606.ENSP00000361405,9606.ENSP00000479089,MMP9,OSCAR,9606,0.464,0.0,0.0,0.0,0.167,0.045,0.0,0.38
9606.ENSP00000361405,9606.ENSP00000379975,MMP9,ILK,9606,0.477,0.0,0.0,0.0,0.0,0.0,0.0,0.477
9606.ENSP00000361405,9606.ENSP00000375069,MMP9,COL23A1,9606,0.483,0.0,0.0,0.0,0.09,0.05,0.0,0.45
9606.ENSP00000361405,9606.ENSP00000382697,MMP9,ROCK1,9606,0.487,0.0,0.0,0.0,0.075,0.0,0.0,0.468
9606.ENSP00000361405,9606.ENSP00000373477,MMP9,GPX3,9606,0.533,0.0,0.0,0.0,0.076,0.0,0.0,0.515
9606.ENSP00000361405,9606.ENSP00000498321,MMP9,MYD88,9606,0.568,0.0,0.0,0.0,0.085,0.0,0.0,0.547
9606.ENSP00000361405,9606.ENSP00000381185,MMP9,BCL2,9606,0.804,0.0,0.0,0.0,0.087,0.0,0.0,0.794
9606.ENSP00000363117,9606.ENSP00000452746,FGR,PSTPIP1,9606,0.436,0.0,0.0,0.0,0.366,0.0,0.0,0.147
9606.ENSP00000363117,9606.ENSP00000494689,FGR,EPS8,9606,0.473,0.0,0.0,0.0,0.0,0.061,0.0,0.461
9606.ENSP00000363117,9606.ENSP00000369390,FGR,CDK14,9606,0.475,0.0,0.0,0.0,0.06,0.455,0.0,0.057
9606.ENSP00000363117,9606.ENSP00000483825,FGR,IKBKG,9606,0.492,0.0,0.0,0.0,0.071,0.456,0.0,0.075
9606.ENSP00000363117,9606.ENSP00000391592,FGR,PTPN6,9606,0.517,0.0,0.0,0.0,0.282,0.097,0.0,0.315
9606.ENSP00000363117,9606.ENSP00000494550,FGR,MYO1F,9606,0.528,0.0,0.0,0.0,0.499,0.045,0.0,0.093
9606.ENSP00000363389,9606.ENSP00000432412,PDIK1L,ATG13,9606,0.48,0.0,0.0,0.0,0.067,0.282,0.0,0.287
9606.ENSP00000365402,9606.ENSP00000375618,HLA-C,LILRA2,9606,0.635,0.0,0.0,0.0,0.099,0.101,0.5,0.207
9606.ENSP00000365402,9606.ENSP00000496416,HLA-C,CD8B2,9606,0.922,0.0,0.0,0.0,0.0,0.253,0.9,0.0
9606.ENSP00000365402,9606.ENSP00000375608,HLA-C,KIR3DL1,9606,0.996,0.0,0.0,0.0,0.042,0.0,0.65,0.99
9606.ENSP00000368682,9606.ENSP00000369442,PHEX,KL,9606,0.882,0.0,0.0,0.0,0.0,0.0,0.0,0.882
9606.ENSP00000369129,9606.ENSP00000376457,DSP,ECT2,9606,0.402,0.0,0.0,0.0,0.067,0.314,0.0,0.141
9606.ENSP00000369129,9606.ENSP00000497653,DSP,COL17A1,9606,0.543,0.0,0.0,0.0,0.097,0.113,0.0,0.475
9606.ENSP00000369442,9606.ENSP00000387683,KL,UGT2B11,9606,0.66,0.0,0.0,0.0,0.0,0.0,0.65,0.07
9606.ENSP00000370621,9606.ENSP00000449428,ZBED1,TWF1,9606,0.469,0.0,0.0,0.0,0.067,0.454,0.0,0.0
9606.ENSP00000371018,9606.ENSP00000479089,SIRPB1,OSCAR,9606,0.68,0.0,0.0,0.0,0.197,0.126,0.0,0.581
9606.ENSP00000371194,9606.ENSP00000494550,LSP1,MYO1F,9606,0.412,0.0,0.0,0.0,0.317,0.0,0.0,0.173
9606.ENSP00000371420,9606.ENSP00000420384,GPNMB,CST7,9606,0.464,0.0,0.0,0.0,0.055,0.0,0.0,0.456
9606.ENSP00000371587,9606.ENSP00000423881,KCNIP4,PACRGL,9606,0.501,0.0,0.0,0.0,0.045,0.189,0.0,0.408
9606.ENSP00000373477,9606.ENSP00000497642,GPX3,LPL,9606,0.405,0.0,0.0,0.0,0.085,0.0,0.0,0.377
9606.ENSP00000373477,9606.ENSP00000381185,GPX3,BCL2,9606,0.725,0.0,0.0,0.0,0.0,0.0,0.0,0.725
9606.ENSP00000373715,9606.ENSP00000470142,DCP2,UPF1,9606,0.98,0.0,0.0,0.0,0.042,0.713,0.0,0.933
9606.ENSP00000375069,9606.ENSP00000497653,COL23A1,COL17A1,9606,0.496,0.0,0.0,0.119,0.042,0.0,0.4,0.122
9606.ENSP00000375608,9606.ENSP00000483713,KIR3DL1,KLRF1,9606,0.75,0.0,0.0,0.0,0.269,0.0,0.0,0.672
9606.ENSP00000375608,9606.ENSP00000391592,KIR3DL1,PTPN6,9606,0.935,0.0,0.0,0.0,0.0,0.0,0.9,0.384
9606.ENSP00000375618,9606.ENSP00000391592,LILRA2,PTPN6,9606,0.964,0.0,0.0,0.0,0.181,0.069,0.9,0.592
9606.ENSP00000378725,9606.ENSP00000391592,KTN1,PTPN6,9606,0.401,0.0,0.0,0.0,0.042,0.043,0.0,0.399
9606.ENSP00000379621,9606.ENSP00000395474,SNX16,SNX10,9606,0.45,0.0,0.0,0.0,0.049,0.0,0.0,0.446
9606.ENSP00000379975,9606.ENSP00000497653,ILK,COL17A1,9606,0.418,0.0,0.0,0.0,0.0,0.095,0.0,0.383
9606.ENSP00000381185,9606.ENSP00000478699,BCL2,TNFRSF9,9606,0.455,0.0,0.0,0.0,0.098,0.0,0.0,0.42
9606.ENSP00000381185,9606.ENSP00000382697,BCL2,ROCK1,9606,0.465,0.0,0.0,0.0,0.051,0.0,0.0,0.459
9606.ENSP00000381185,9606.ENSP00000435412,BCL2,RPS6KA1,9606,0.528,0.0,0.0,0.0,0.085,0.0,0.0,0.506
9606.ENSP00000381185,9606.ENSP00000432412,BCL2,ATG13,9606,0.531,0.0,0.0,0.0,0.0,0.0,0.0,0.531
9606.ENSP00000381185,9606.ENSP00000498321,BCL2,MYD88,9606,0.624,0.0,0.0,0.0,0.043,0.095,0.0,0.6
9606.ENSP00000381185,9606.ENSP00000483825,BCL2,IKBKG,9606,0.805,0.0,0.0,0.0,0.055,0.292,0.0,0.732
9606.ENSP00000382707,9606.ENSP00000484689,IFITM3,IFITM2,9606,0.805,0.0,0.0,0.05,0.8,0.0,0.0,0.059
9606.ENSP00000382707,9606.ENSP00000483430,IFITM3,IFI27,9606,0.829,0.0,0.0,0.0,0.393,0.0,0.0,0.73
9606.ENSP00000385158,9606.ENSP00000448012,FAM161A,CEP290,9606,0.523,0.0,0.0,0.0,0.095,0.054,0.0,0.487
9606.ENSP00000386306,9606.ENSP00000438949,SCN9A,CACNB4,9606,0.47,0.0,0.0,0.0,0.067,0.291,0.0,0.262
9606.ENSP00000387683,9606.ENSP00000478561,UGT2B11,CYP1B1,9606,0.932,0.0,0.0,0.0,0.067,0.0,0.907,0.275
9606.ENSP00000391592,9606.ENSP00000498321,PTPN6,MYD88,9606,0.402,0.0,0.0,0.0,0.191,0.045,0.0,0.288
9606.ENSP00000391592,9606.ENSP00000494550,PTPN6,MYO1F,9606,0.423,0.0,0.0,0.0,0.326,0.0,0.0,0.179
9606.ENSP00000391592,9606.ENSP00000452746,PTPN6,PSTPIP1,9606,0.484,0.0,0.0,0.0,0.276,0.069,0.0,0.296
9606.ENSP00000391747,9606.ENSP00000407763,LACC1,CCDC122,9606,0.949,0.0,0.0,0.0,0.127,0.0,0.0,0.945
9606.ENSP00000405963,9606.ENSP00000438949,RASGRF1,CACNB4,9606,0.669,0.0,0.0,0.0,0.086,0.0,0.65,0.05
9606.ENSP00000420384,9606.ENSP00000494550,CST7,MYO1F,9606,0.412,0.0,0.0,0.0,0.412,0.0,0.0,0.0
9606.ENSP00000428259,9606.ENSP00000448012,CETN3,CEP290,9606,0.477,0.0,0.0,0.0,0.109,0.116,0.0,0.39
9606.ENSP00000435412,9606.ENSP00000483825,RPS6KA1,IKBKG,9606,0.59,0.0,0.0,0.0,0.072,0.0,0.0,0.577
9606.ENSP00000449428,9606.ENSP00000494689,TWF1,EPS8,9606,0.718,0.0,0.0,0.0,0.068,0.0,0.5,0.445
9606.ENSP00000452746,9606.ENSP00000494550,PSTPIP1,MYO1F,9606,0.629,0.0,0.0,0.0,0.438,0.278,0.0,0.158
9606.ENSP00000457539,9606.ENSP00000497642,APOBR,LPL,9606,0.564,0.0,0.0,0.0,0.0,0.0,0.54,0.092
9606.ENSP00000457539,9606.ENSP00000494550,APOBR,MYO1F,9606,0.588,0.0,0.0,0.0,0.497,0.0,0.0,0.215
9606.ENSP00000469049,9606.ENSP00000478699,TNFSF14,TNFRSF9,9606,0.683,0.0,0.0,0.0,0.158,0.0,0.0,0.64
9606.ENSP00000470142,9606.ENSP00000498653,UPF1,DEK,9606,0.996,0.0,0.0,0.0,0.054,0.994,0.0,0.431
9606.ENSP00000477515,9606.ENSP00000479166,DGKK,HOXA4,9606,0.42,0.0,0.0,0.0,0.0,0.0,0.0,0.42
9606.ENSP00000477515,9606.ENSP00000497642,DGKK,LPL,9606,0.9,0.0,0.0,0.0,0.0,0.0,0.9,0.0
9606.ENSP00000479166,9606.ENSP00000480556,HOXA4,ZNF718,9606,0.444,0.0,0.0,0.0,0.0,0.057,0.0,0.435
9606.ENSP00000483430,9606.ENSP00000484689,IFI27,IFITM2,9606,0.546,0.0,0.0,0.0,0.163,0.0,0.0,0.48
9606.ENSP00000483825,9606.ENSP00000498321,IKBKG,MYD88,9606,0.999,0.0,0.0,0.0,0.122,0.994,0.5,0.812
