Gene,PD_mean,CC_mean,Difference
ENSG00000012817,8.059072329513304,4.520268090025923,3.538804239487381
ENSG00000129824,8.941288189021984,5.688964618147464,3.2523235708745197
ENSG00000131002,6.50099248801115,3.308813139482473,3.192179348528677
ENSG00000099725,7.133678530220185,4.034219954563488,3.099458575656697
ENSG00000067048,6.887434058259693,3.901839511077718,2.9855945471819747
ENSG00000114374,5.736495340180107,2.856306380603608,2.8801889595764987
ENSG00000183878,6.315943031623193,3.6730331562559684,2.6429098753672244
ENSG00000198692,5.183309515656865,2.799081577145383,2.384227938511482
ENSG00000215580,4.4899131948483,2.1242622639561146,2.365650930892185
ENSG00000168903,5.893818263890322,3.5524544985979256,2.341363765292396
ENSG00000179750,6.605717233679095,4.364004954104884,2.2417122795742106
ENSG00000229807,2.6464675005325633,4.873719696998193,-2.2272521964656296
ENSG00000067646,4.3575060192304695,2.1372314833256096,2.22027453590486
ENSG00000250771,4.587012910338643,2.3668112159023407,2.2202016944363026
ENSG00000133739,3.7495552383335355,1.7029915359453456,2.04656370238819
ENSG00000213058,3.5656777337339136,1.6006647688106856,1.965012964923228
ENSG00000134184,4.802150527443874,2.893963567169359,1.9081869602745147
ENSG00000260197,3.89240175262729,1.9942121606539185,1.8981895919733713
ENSG00000112139,7.916122410084977,6.024206983426916,1.891915426658061
ENSG00000233864,3.8182191076175633,1.9605985403070172,1.8576205673105461
ENSG00000133138,3.671756939222677,1.8324623624041847,1.8392945768184925
ENSG00000253239,0.8129072918469556,2.6287348835814432,-1.8158275917344877
ENSG00000215533,3.78315547947726,1.9681793307417033,1.8149761487355567
ENSG00000196074,4.996647203631105,3.1834174240600617,1.8132297795710435
ENSG00000129295,7.115700614662818,5.3216456462219,1.7940549684409177
ENSG00000239528,3.5970746258598054,1.8130596108563144,1.784015015003491
ENSG00000243806,2.466896130183836,0.6830173160157909,1.783878814168045
ENSG00000258831,3.554647212410386,1.7969559520687692,1.7576912603416166
ENSG00000227827,3.665296134316225,1.9484355139106324,1.7168606204055925
ENSG00000134769,3.083654148404067,1.38612649705944,1.697527651344627
ENSG00000153140,4.224450635962277,2.5449845759018763,1.6794660600604003
ENSG00000118276,3.8284664235154295,2.1493952640819916,1.679071159433438
ENSG00000163083,4.359438150167931,2.6819303274587996,1.6775078227091318
ENSG00000122970,3.380725055025131,1.7289818821802976,1.6517431728448335
ENSG00000224114,4.350376532825737,2.7010115765157585,1.6493649563099786
ENSG00000153012,3.282560929541267,1.6400704368685186,1.6424904926727486
ENSG00000188158,5.828232191986313,4.198628476569409,1.6296037154169039
ENSG00000259628,2.48628793617295,0.8603138656684609,1.6259740705044892
ENSG00000168772,2.3488494627585634,0.7248003517815877,1.6240491109769757
ENSG00000268433,3.9583267154393194,2.3436432358671566,1.6146834795721627
ENSG00000269951,2.651311590702717,1.0443668652339029,1.6069447254688143
ENSG00000058335,2.8595307728914645,1.256795778910121,1.6027349939813436
ENSG00000096696,3.9716564603652,2.3695590281348866,1.6020974322303134
ENSG00000182389,5.842526978054163,4.25775505054862,1.5847719275055434
ENSG00000171714,3.8723010418472703,2.2930292181041465,1.5792718237431238
ENSG00000198121,5.92385650937521,4.34815534491212,1.5757011644630898
ENSG00000197576,2.0610139521386155,0.4933493282577513,1.5676646238808642
ENSG00000197582,5.5263058552053534,7.083497569492043,-1.5571917142866898
ENSG00000187534,5.546813065828871,3.992045887455819,1.5547671783730515
ENSG00000106341,3.939963064864395,2.396590005977843,1.543373058886552
ENSG00000256020,3.1596649915994353,4.678704690646883,-1.5190396990474482
ENSG00000231249,1.957625069404837,0.44491562074970575,1.5127094486551311
ENSG00000111907,3.087851688325614,1.5778763666503022,1.5099753216753118
ENSG00000111886,3.0100714544114715,1.5038639657536248,1.5062074886578467
ENSG00000256937,2.0792737262472474,0.576915399789345,1.5023583264579023
ENSG00000189420,2.1395044535523424,0.641234280249994,1.4982701733023485
ENSG00000244398,3.1061179435341564,1.6120477638128932,1.4940701797212632
ENSG00000173930,5.46995442661049,3.9921703861503546,1.477784040460135
ENSG00000106328,2.988151920591988,1.51078264712881,1.4773692734631783
ENSG00000229017,2.6240250172564488,1.15383079957869,1.4701942176777587
ENSG00000232926,3.21052718694731,1.7573237246604847,1.4532034622868253
ENSG00000211655,1.4545021772866151,2.902302142856197,-1.4477999655695817
ENSG00000259715,2.5465512523930482,1.0999102637098708,1.4466409886831775
ENSG00000226918,2.134624129177791,0.6888468706981945,1.4457772584795967
ENSG00000225630,8.219800124318366,9.665002909883283,-1.4452027855649163
ENSG00000273284,3.8074344556349007,2.3677737875427747,1.439660668092126
ENSG00000249863,4.5258972605133865,3.0875805731621795,1.438316687351207
ENSG00000175445,3.487454150249706,2.0514018395131317,1.4360523107365744
ENSG00000255328,4.476412656606116,5.901045588276653,-1.424632931670537
ENSG00000221937,2.4552905380573704,1.036412500309067,1.4188780377483035
ENSG00000259668,2.733808463810066,1.315334659700515,1.418473804109551
ENSG00000225489,2.020561716541095,0.6065609354521195,1.4140007810889756
ENSG00000004799,6.6883776625709705,5.277565907684912,1.4108117548860584
ENSG00000214535,4.081111055703586,2.6731549906898335,1.4079560650137521
ENSG00000269246,3.603709200671748,2.196727355372872,1.4069818452988758
ENSG00000196247,6.860661744299457,5.458654630524227,1.4020071137752304
ENSG00000271009,3.3388792125186675,1.9385337950789285,1.400345417439739
ENSG00000172828,2.511494865374629,1.1157954366624743,1.395699428712155
ENSG00000225972,1.833781686293143,3.2292566532133313,-1.3954749669201882
ENSG00000241772,2.4137281875850305,1.018763010168726,1.3949651774163045
ENSG00000145949,4.410567875461687,3.0164093252906956,1.394158550170991
ENSG00000116690,3.499462372930031,2.105397092070644,1.3940652808593872
ENSG00000165730,2.7322665027040145,1.3453896595768147,1.3868768431271998
ENSG00000179542,5.205900185700025,3.8193864388450423,1.3865137468549826
ENSG00000097096,1.8869008463444175,0.5054868283607735,1.3814140179836438
ENSG00000183340,5.215691382450477,3.8442652266723707,1.3714261557781064
ENSG00000145431,4.767781645853632,3.3983136185875327,1.3694680272660995
ENSG00000188056,5.153763881022855,3.7859774712895047,1.3677864097333505
ENSG00000272599,2.7029097753743065,1.338011958975956,1.3648978163983505
ENSG00000169432,3.818060761940695,2.453404069699777,1.364656692240918
ENSG00000163806,3.442419513244682,2.079499229257451,1.362920283987231
ENSG00000225422,2.9684109213393586,1.6099999536106597,1.3584109677286988
ENSG00000213759,2.378829051406702,1.021372001313377,1.3574570500933252
ENSG00000117479,5.111121720271318,3.758790901289175,1.3523308189821428
ENSG00000270062,3.521167431787589,2.1696908108547484,1.3514766209328406
ENSG00000178075,6.9207440171466805,5.572666458915985,1.3480775582306954
ENSG00000185947,8.080381118600569,6.7330676335947555,1.347313485005813
ENSG00000179630,5.084508532113477,3.7372578006006036,1.3472507315128737
ENSG00000152503,3.2598625497772566,1.9141491701150657,1.345713379662191
ENSG00000244071,2.4318206735689,1.0890528998923672,1.3427677736765327
ENSG00000178852,4.373902117572144,3.0348232575496104,1.3390788600225338
ENSG00000133055,7.436788072908147,6.1032772446167085,1.3335108282914385
ENSG00000224113,3.9791754744514627,2.6466804635526624,1.3324950108988003
ENSG00000271828,3.008850889747771,1.681853472634316,1.3269974171134549
ENSG00000147180,2.996496643199109,1.6699839821642297,1.3265126610348794
ENSG00000115183,2.0558033346787306,0.7319100427495101,1.3238932919292203
ENSG00000154620,2.832110045846371,1.5102907624441497,1.321819283402221
ENSG00000154734,5.142540204154815,3.8248480162596405,1.3176921878951746
ENSG00000229000,1.7282161412352348,0.4110633930116763,1.3171527482235585
ENSG00000169330,3.926577621060792,2.6105835926480436,1.3159940284127485
ENSG00000178726,8.9666217036043,7.657246968789431,1.3093747348148694
ENSG00000122877,2.641942758170686,1.3332521594737925,1.3086905986968935
ENSG00000009694,5.657581326152486,4.35106719220303,1.306514133949456
ENSG00000183439,2.2143684023534678,0.9086194133446825,1.3057489890087852
ENSG00000225345,1.7319156511817724,0.4269485659642797,1.3049670852174926
ENSG00000242550,4.8041386308421945,3.5026594773140443,1.3014791535281502
ENSG00000272746,2.7230958842356277,1.4234689027476348,1.2996269814879928
ENSG00000227671,7.841508446743107,6.543764028415093,1.2977444183280138
ENSG00000258476,5.766756547275342,4.469689976826691,1.297066570448651
ENSG00000266912,1.5230406618239327,0.22642321438873658,1.2966174474351961
ENSG00000204466,4.838489769207256,3.544755580914998,1.293734188292258
ENSG00000138738,5.1828444742826685,3.8909775366015245,1.291866937681144
ENSG00000074803,5.1701755399534495,3.8786599378011766,1.291515602152273
ENSG00000152926,8.920656192135636,7.633237700258692,1.2874184918769442
ENSG00000248309,3.7932013857265012,2.506447795221731,1.2867535905047705
ENSG00000174405,6.1428902582052665,4.8616818948628095,1.281208363342457
ENSG00000113595,6.49315699506738,5.214285683827528,1.2788713112398522
ENSG00000196437,5.0067761438214555,3.7296772405306493,1.2770989032908062
ENSG00000158270,2.6542537095394,1.377351015074759,1.2769026944646409
ENSG00000111537,3.487046414574358,2.210922343973113,1.2761240706012447
ENSG00000268240,4.237086209375707,2.961394495690317,1.2756917136853896
ENSG00000237984,4.65128425946646,3.380042634701948,1.2712416247645124
ENSG00000272853,3.2374585291386997,1.981008951634211,1.2564495775044886
ENSG00000154262,3.293445691054991,2.0381752127173276,1.2552704783376636
ENSG00000260787,5.306181196696399,4.05183059745777,1.254350599238629
ENSG00000215447,3.9365634262517566,2.682856838033529,1.2537065882182277
ENSG00000126821,7.207067966089281,5.9537167413479555,1.2533512247413254
ENSG00000226524,2.664909002013044,1.4152700850869309,1.2496389169261133
ENSG00000203668,5.4763297360039935,4.2267424522376515,1.249587283766342
ENSG00000128609,6.7132691251791465,5.464977682511619,1.2482914426675276
ENSG00000224892,3.362183317980642,2.1148996029139355,1.2472837150667067
ENSG00000224533,1.6038950498744284,0.35714285714285715,1.2467521927315712
ENSG00000170264,3.11121410425361,1.8654815246046732,1.245732579648937
ENSG00000249309,2.601601862790853,1.355979013761382,1.245622849029471
ENSG00000110723,3.401313311678747,2.1571751464896183,1.2441381651891286
ENSG00000023287,8.694148303636126,7.450013920161593,1.2441343834745329
ENSG00000170017,7.548783380858546,6.305045157224073,1.2437382236344732
ENSG00000155008,2.549982443527369,1.3065096227036856,1.2434728208236834
ENSG00000253854,2.8215263493236846,1.579499229257451,1.2420271200662336
ENSG00000249396,2.29691851085328,1.0552242290514064,1.2416942818018735
ENSG00000089048,5.089248623567536,3.848233815448265,1.241014808119271
ENSG00000104725,5.937243134793139,4.6989558111391645,1.2382873236539744
ENSG00000169507,3.759288576845572,2.5216148492697683,1.2376737275758036
ENSG00000198420,3.6745360111112535,2.4384582419516994,1.2360777691595541
ENSG00000218809,4.847118835863821,3.612096300626021,1.2350225352377997
ENSG00000183496,2.341033739787352,1.1094387726682422,1.23159496711911
ENSG00000130037,2.1281562763620614,0.8977620495271789,1.2303942268348824
ENSG00000226874,2.8706039662340266,1.6408309543113409,1.2297730119226857
ENSG00000258730,3.0166749822819185,1.7895530897913656,1.227121892490553
ENSG00000198707,5.5931795822437875,4.366633757963344,1.2265458242804437
ENSG00000237805,2.385065320816917,1.1592013350354198,1.2258639857814972
ENSG00000163376,5.704688752627294,4.48029647922331,1.2243922734039838
ENSG00000102174,4.174990305238499,2.9511150023683936,1.223875302870105
ENSG00000248734,4.004693100061911,2.7821599058089466,1.2225331942529647
ENSG00000170677,4.655509953604499,3.4332816145066856,1.2222283390978133
ENSG00000110237,5.271599969496475,4.051900895408599,1.2196990740878766
ENSG00000166432,6.859084876455204,5.640713064953772,1.2183718115014317
ENSG00000212916,4.526301848531909,3.3080301008770254,1.2182717476548834
ENSG00000146005,1.7421537134972336,0.5242750002060446,1.217878713291189
ENSG00000151151,7.602826496990862,6.386859930870336,1.2159665661205263
ENSG00000234287,2.8742045666013607,1.6593176279394635,1.2148869386618972
ENSG00000215417,4.312355166119488,3.0986703573686336,1.2136848087508545
ENSG00000252690,2.5838395004739834,1.3718641867139854,1.211975313759998
ENSG00000136014,4.591649381550459,3.3811483688693533,1.2105010126811058
ENSG00000204710,1.5244634546038445,2.730451282888977,-1.2059878282851326
ENSG00000264868,9.18375810861348,7.978456352064504,1.2053017565489759
ENSG00000242154,2.0736808765923693,0.8692803572458795,1.20440051934649
ENSG00000197561,5.385438299467744,4.181323710232502,1.2041145892352416
ENSG00000156374,4.818398692114399,3.6161671858440116,1.2022315062703872
ENSG00000246228,2.699865952372214,1.4981180377139591,1.2017479146582548
ENSG00000167637,4.133480549460132,2.9322672125603497,1.2012133368997824
ENSG00000185774,2.4226681190456674,1.2231168895574158,1.1995512294882515
ENSG00000213025,0.0,1.1989024889683944,-1.1989024889683944
ENSG00000160307,5.121431606040857,6.319919806988797,-1.1984882009479403
ENSG00000174194,4.76765703383881,3.5713247375907273,1.1963322962480825
ENSG00000231628,2.8462054871317064,1.6509278006860224,1.195277686445684
ENSG00000196678,4.684230944681993,3.491366651167936,1.1928642935140572
ENSG00000152413,2.2924215639370153,1.1011903999953896,1.1912311639416258
ENSG00000178074,6.007748068873206,4.820916181750104,1.1868318871231018
ENSG00000083535,6.113377590385414,4.928542959923637,1.1848346304617774
ENSG00000089505,5.211413355829976,4.02938053149368,1.1820328243362956
ENSG00000136492,3.858384776556836,2.676966683734103,1.1814180928227334
ENSG00000101745,8.982260939960511,7.800975717237025,1.1812852227234867
ENSG00000150045,8.722141606950759,7.541590069844588,1.1805515371061706
ENSG00000116285,3.5055290332078495,2.326117306829325,1.1794117263785244
ENSG00000228451,2.9137124030962,1.7344938722176164,1.1792185308785834
ENSG00000241511,2.299565720105839,1.1229051276303967,1.176660592475442
ENSG00000213088,3.8455618487765797,5.022114114743877,-1.1765522659672971
ENSG00000086548,5.030249800627799,3.8537283270386307,1.1765214735891685
ENSG00000229236,1.899336914372088,0.7235202154960689,1.175816698876019
ENSG00000133116,2.6786432008955394,1.5041319753865612,1.1745112255089782
ENSG00000272402,2.793602378365028,1.6192003831904256,1.1744019951746025
ENSG00000166503,4.51871356640551,3.3449108005497536,1.1738027658557564
ENSG00000245466,2.152954602839617,0.9800479847732538,1.1729066180663632
ENSG00000111961,4.84003117964243,3.6671317279493643,1.1728994516930653
ENSG00000272520,4.707921661227956,3.5358043767074134,1.1721172845205423
ENSG00000184293,4.386343947713951,3.2163148908581625,1.1700290568557885
ENSG00000137040,7.3691469487766055,6.200113638643839,1.1690333101327663
ENSG00000087303,3.898837012154356,2.7300677073225534,1.1687693048318026
ENSG00000182263,1.281335301286509,0.11321160719436829,1.1681236940921407
ENSG00000180581,1.4230679664209027,0.25606875005151114,1.1669992163693916
ENSG00000115239,4.159167704326871,2.992802379144535,1.1663653251823356
ENSG00000215267,2.0579537378929076,0.8922752211664052,1.1656785167265022
ENSG00000245498,2.278483991675016,1.1137135548296517,1.1647704368453642
ENSG00000273369,2.8223428477407797,1.6575784724282714,1.1647643753125083
ENSG00000259562,2.432945931596816,1.2698039510851373,1.1631419805116785
ENSG00000146281,6.44536116864479,5.282619724367845,1.1627414442769446
ENSG00000163138,5.260855144916666,4.0992588826972,1.161596262219466
ENSG00000112242,7.66205955589506,6.5019880334312194,1.1600715224638405
ENSG00000268225,2.4745681216334448,1.315476114281104,1.1590920073523407
ENSG00000166796,1.6414959758604557,0.4824919644402477,1.159004011420208
ENSG00000248554,2.0215471694908276,0.8626296855036307,1.1589174839871967
ENSG00000184984,2.454403267707411,1.2966879424358329,1.1577153252715782
ENSG00000001630,2.0838395004739834,0.9261274489044347,1.1577120515695487
ENSG00000065618,3.1910025833814353,2.0337775110493355,1.1572250723320998
ENSG00000175928,4.0148612436130815,2.858085423727367,1.1567758198857145
ENSG00000197776,4.440065869481411,3.2833354391597105,1.1567304303217005
ENSG00000163605,8.446566718874045,7.292003410659573,1.1545633082144722
ENSG00000163624,2.8643383415345087,1.7104199445549324,1.1539183969795763
ENSG00000231329,2.518981054737847,1.3676574946387308,1.151323560099116
ENSG00000203363,2.2921088860319228,1.1416932994756677,1.150415586556255
ENSG00000147206,2.3951954858069935,1.2448922168094458,1.1503032689975476
ENSG00000134146,5.732960448751032,4.583079575649042,1.1498808731019903
ENSG00000133063,5.952022600664974,4.802611763015505,1.1494108376494694
ENSG00000213931,4.195475714024387,5.344005432073932,-1.148529718049545
ENSG00000048392,8.899553304521094,7.751438761122908,1.1481145433981856
ENSG00000228817,2.6439749211432937,1.497800473068874,1.1461744480744196
ENSG00000173542,7.00768408951361,5.862328860198365,1.1453552293152454
ENSG00000272732,2.491944808863019,1.3470125221839635,1.1449322866790554
ENSG00000235304,1.4699215017726583,2.6142211108684528,-1.1442996090957944
ENSG00000182903,6.241241425189473,5.097095383257722,1.1441460419317506
ENSG00000186462,4.978227805034518,3.8366326987139048,1.141595106320613
ENSG00000251288,2.0689362272725362,0.9274075851899534,1.1415286420825828
ENSG00000225402,4.301224436045069,3.1599461306270946,1.1412783054179743
ENSG00000176728,2.6052632620992004,1.4641556553467576,1.1411076067524428
ENSG00000146757,5.935397110383543,4.7945982394427045,1.1407988709408388
ENSG00000267163,2.146581761976919,1.0067669646462922,1.139814797330627
ENSG00000136235,3.0355820737720602,1.8974428801026175,1.1381391936694427
ENSG00000234338,2.364459729985628,1.2263980527121916,1.1380616772734364
ENSG00000147862,0.8178150992680865,1.9551110888210175,-1.137295989552931
ENSG00000217275,3.4792129649763095,2.3422840426720377,1.1369289223042718
ENSG00000265218,1.973621011719196,0.8367318226904372,1.1368891890287587
ENSG00000104497,5.922916510661238,4.789216014346301,1.1337004963149369
ENSG00000196409,3.4419489663162537,2.309361461804728,1.132587504511526
ENSG00000254859,3.1942758550802144,2.0618893659761937,1.1323864891040207
ENSG00000233746,3.1968618796058075,2.066300883928233,1.1305609956775746
ENSG00000270641,0.27682734124061353,1.40653753151186,-1.1297101902712465
ENSG00000104043,7.269991437994985,6.140494794221291,1.1294966437736944
ENSG00000164830,7.489625534627197,6.36078301556519,1.1288425190620073
ENSG00000169379,4.358390509882861,3.230653811471928,1.1277366984109332
ENSG00000155760,1.9970615209183638,0.8718641867139855,1.1251973342043784
ENSG00000109805,3.659678749958427,2.534695549500683,1.124983200457744
ENSG00000180113,3.815426636412216,2.6909089127296295,1.1245177236825863
ENSG00000146842,6.388589083455888,5.264822454217267,1.123766629238621
ENSG00000140379,8.652117237991705,7.529074917019022,1.123042320972683
ENSG00000257017,6.913571513914749,5.7927779984161285,1.1207935154986206
ENSG00000166819,2.3727688884490963,1.2520019077773683,1.120766980671728
ENSG00000075223,5.166290331051075,4.046095714022977,1.1201946170280976
ENSG00000248516,1.0897346330875692,2.209642207687594,-1.1199075746000247
ENSG00000089682,5.155335801208307,4.035974905400594,1.1193608958077128
ENSG00000149548,4.260069124284551,3.141355729774659,1.1187133945098924
ENSG00000151239,6.859167097532769,5.740772731429481,1.1183943661032876
ENSG00000168300,8.002997798306113,6.886173332815349,1.1168244654907644
ENSG00000171988,9.576463873029407,8.459907260702115,1.116556612327292
ENSG00000138448,6.097248881920396,4.980893901562212,1.1163549803581843
ENSG00000188987,3.155225595954574,2.0389963297771727,1.1162292661774011
ENSG00000101132,4.239125630882032,3.1232028524740945,1.115922778407938
ENSG00000240889,3.3326374118537405,2.2169858366578636,1.1156515751958769
ENSG00000155744,9.380200728664013,8.26460125480069,1.1155994738633233
ENSG00000260941,2.3733260351320555,1.25807591519564,1.1152501199364155
ENSG00000157107,7.93708531096971,6.822968951044554,1.1141163599251565
ENSG00000138468,7.992765705497817,6.8786631889271295,1.1141025165706875
ENSG00000228261,1.9945825756355262,0.8814178573489018,1.1131647182866244
ENSG00000126860,9.731285584999652,8.61848111300824,1.1128044719914119
ENSG00000236562,3.3223477602550964,4.434977462081449,-1.1126297018263522
ENSG00000273474,2.325709891355427,1.213121870904239,1.112588020451188
ENSG00000197566,4.8817989786048805,3.7704394284861755,1.111359550118705
ENSG00000257599,2.1865349917544727,1.0752925371821962,1.1112424545722766
ENSG00000270659,1.3368833234760764,0.22642321438873658,1.1104601090873398
ENSG00000162692,1.1794692661751385,0.07142857142857142,1.108040694746567
ENSG00000259806,3.34753117022896,2.239521681352716,1.108009488876244
ENSG00000174442,5.7475625825731855,4.641464096237359,1.106098486335827
ENSG00000067900,9.169559581646093,8.063575593528542,1.1059839881175506
ENSG00000086300,9.22011906957776,8.114662043924547,1.1054570256532141
ENSG00000138061,8.525394002899525,7.420195671301818,1.1051983315977063
ENSG00000260695,1.6106668417145968,0.5054868283607735,1.1051800133538232
ENSG00000228570,0.6511484326014197,1.7554068543053194,-1.1042584217038995
ENSG00000230492,2.602441542590427,1.4988361566185249,1.1036053859719022
ENSG00000091039,10.190102632790074,9.08671483446123,1.1033877983288445
ENSG00000105131,2.245569004430217,1.1429734357611865,1.1025955686690303
ENSG00000267510,3.531275614862946,2.4292732957534935,1.1020023191094523
ENSG00000197044,5.680038402297833,4.578811003725832,1.101227398572001
ENSG00000234617,1.9270404040368454,0.8258744588729338,1.1011659451639115
ENSG00000136636,4.782926067470854,3.682862921961005,1.1000631455098486
ENSG00000049249,5.567275369680776,4.467347505143185,1.099927864537591
ENSG00000253846,1.1711746267125622,0.07142857142857142,1.0997460552839908
ENSG00000064989,3.803539686820049,2.704166336496022,1.099373350324027
ENSG00000174718,11.733289892825296,10.6345626501705,1.098727242654796
ENSG00000178440,2.7294867890434795,1.630835935658164,1.0986508533853154
ENSG00000165115,5.5196329640453365,4.421014317961862,1.0986186460834748
ENSG00000180543,4.608376091651053,3.5100887223621666,1.0982873692888862
ENSG00000253520,2.374906696935304,1.2787208876504066,1.0961858092848973
ENSG00000099864,2.679439910885835,1.5832574168405524,1.0961824940452827
ENSG00000166265,2.5636560555227508,1.4675677583486018,1.096088297174149
ENSG00000230565,2.79279392826567,1.6967525170494169,1.0960414112162533
ENSG00000145244,3.6367833821565276,2.5409428953042785,1.095840486852249
ENSG00000182308,4.12508637706065,3.029567668725856,1.0955187083347937
ENSG00000136866,3.532090382612838,2.4366765426865356,1.0954138399263025
ENSG00000198363,7.362325131183588,6.267462313347231,1.0948628178363569
ENSG00000254837,3.717419534539351,2.6228304109417024,1.0945891235976486
ENSG00000228695,2.098887187610802,1.005002647458555,1.093884540152247
ENSG00000095637,2.815768100007069,1.7239128449407157,1.0918552550663534
ENSG00000261597,2.729554998170704,1.638022626666285,1.0915323715044192
ENSG00000151491,4.275126277223157,3.184726340129631,1.0903999370935256
ENSG00000178146,2.5368287142821373,1.4466977046705078,1.0901310096116295
ENSG00000164283,2.1733512890366917,1.0835409098550488,1.089810379181643
ENSG00000137834,2.2782611471501557,1.1885041443765645,1.0897570027735912
ENSG00000272417,2.5986148781246428,1.5088917748887245,1.0897231032359183
ENSG00000188199,3.2000016274269307,2.1106929108386803,1.0893087165882505
ENSG00000244405,3.220883190104193,2.131605892926384,1.089277297177809
ENSG00000228223,6.320455233860748,5.231518153976738,1.0889370798840092
ENSG00000232642,1.5171748844996495,0.42857142857142855,1.088603455928221
ENSG00000163485,2.971082380012796,1.8827985789481922,1.0882838010646037
ENSG00000247516,2.729386734200984,1.6413741300511062,1.0880126041498777
ENSG00000261366,3.1497714294932107,2.0627677775684576,1.087003651924753
ENSG00000257743,5.761622177689142,4.675258010453637,1.0863641672355042
ENSG00000272755,3.912872811581791,2.82662382500803,1.0862489865737608
ENSG00000220804,4.200185300934456,3.114097857366631,1.0860874435678252
ENSG00000109475,10.540997446101263,9.455241969348789,1.0857554767524746
ENSG00000241157,2.4622562735278923,1.3768919958490853,1.085364277678807
ENSG00000200534,3.4358609990668705,2.3508764879375876,1.0849845111292828
ENSG00000225135,6.9429184534485,5.858411457677799,1.0845069957707008
ENSG00000163735,4.757336856598305,3.6743522744905475,1.0829845821077573
ENSG00000172845,9.886444046629396,8.803985866196863,1.0824581804325337
ENSG00000232104,2.002614620337555,0.920297894222031,1.082316726115524
ENSG00000136051,9.47902948627796,8.396843063893561,1.0821864223843995
ENSG00000176720,6.250568146646458,5.169288531834413,1.0812796148120452
ENSG00000150527,3.6177732933745763,2.536552350110179,1.0812209432643973
ENSG00000138032,8.434687466536774,7.353940433257759,1.0807470332790148
ENSG00000096006,5.431472486411362,4.351069907553797,1.0804025788575649
ENSG00000196381,3.551465268668529,2.471352802919544,1.080112465748985
ENSG00000150681,9.477149695879499,8.397335872345407,1.0798138235340922
ENSG00000116406,8.329745616286058,7.249967823830667,1.079777792455391
ENSG00000254685,7.080600392030246,6.001107010193445,1.0794933818368007
ENSG00000197601,9.881377689743418,8.801893791672002,1.079483898071416
ENSG00000242992,2.187199027918459,1.1078410717376383,1.0793579561808209
ENSG00000140450,7.787330658880769,6.708106366027139,1.0792242928536302
ENSG00000186908,8.36770130759881,7.288660965638868,1.079040341959943
ENSG00000260923,4.0631265710271585,2.984179960159815,1.0789466108673436
ENSG00000265579,2.459137291851757,1.3802540139674266,1.0788832778843305
ENSG00000181234,1.6138308292311823,0.5351323640235481,1.0786984652076341
ENSG00000181315,3.7808862525603035,2.7021897903980414,1.0786964621622621
ENSG00000260296,3.6826323572939583,2.604488800011876,1.078143557282082
ENSG00000233030,3.583573757503887,2.5065507933770097,1.0770229641268774
ENSG00000165195,6.058975065390243,4.982370927857955,1.0766041375322875
ENSG00000230847,0.8474937501201927,1.92264778568779,-1.0751540355675973
ENSG00000255733,3.273105637325457,2.198643389289502,1.074462248035955
ENSG00000227008,1.187228383207762,0.11321160719436829,1.0740167760133936
ENSG00000013441,10.52383723547309,9.450254783776368,1.0735824516967227
ENSG00000225527,1.7511211280044499,0.677989506880691,1.0731316211237587
ENSG00000163378,5.871608203887123,4.798518427826271,1.0730897760608524
ENSG00000126777,8.724392131704322,7.651398135803297,1.072993995901025
ENSG00000244363,1.6655434340222002,0.5928005727419484,1.0727428612802519
ENSG00000183742,2.7746379274279156,1.7025754451292816,1.072062482298634
ENSG00000185920,6.4746023069926375,5.402611468752854,1.0719908382397838
ENSG00000073756,7.683670226325584,6.611975021716291,1.0716952046092931
ENSG00000269119,3.8579923025561853,2.7866500908986978,1.0713422116574876
ENSG00000220023,6.72267156475539,5.651673640487319,1.0709979242680712
ENSG00000212884,3.5414645698788196,2.470850232159035,1.0706143377197845
ENSG00000119862,7.922388313616707,6.852300585523816,1.0700877280928909
ENSG00000165949,5.1609999712697485,6.229477007663555,-1.0684770363938068
ENSG00000217159,1.9829011041315052,0.9152700850869311,1.0676310190445741
ENSG00000183844,2.81558247872823,1.7494636681945614,1.0661188105336685
ENSG00000111850,4.640524206729498,3.5744737034738563,1.0660505032556413
ENSG00000116918,7.863459285892865,6.798024175639882,1.0654351102529827
ENSG00000179331,2.261964794119811,1.1972796263612455,1.0646851677585656
ENSG00000105507,3.6269012853808804,4.69150895219019,-1.0646076668093092
ENSG00000247134,3.4615351933767546,2.3974193232055483,1.0641158701712063
ENSG00000234972,1.063219969752048,0.0,1.063219969752048
ENSG00000253667,1.4026419249345248,0.3396348215831049,1.06300710335142
ENSG00000267381,2.5082714930276233,1.4456426496083157,1.0626288434193076
ENSG00000178162,1.6545059093535628,0.5928005727419485,1.0617053366116143
ENSG00000123119,3.2312520637826974,2.1699170450746545,1.0613350187080428
ENSG00000260837,5.822324481284276,4.761684272742701,1.0606402085415745
ENSG00000124795,9.473736684820684,8.413887570776344,1.05984911404434
ENSG00000163535,4.712312892679578,3.6524904117870167,1.0598224808925614
ENSG00000198673,6.074791980207633,5.015156335286214,1.0596356449214186
ENSG00000163536,4.738950182335004,3.680209176621637,1.058741005713367
ENSG00000155100,5.944517032843557,4.885799108844148,1.0587179239994082
ENSG00000138182,5.5517623152639635,4.493196748382602,1.0585655668813612
ENSG00000163817,1.6760824341336928,0.6186984355551418,1.0573839985785511
ENSG00000141682,5.975281444986215,4.91809466354348,1.0571867814427351
ENSG00000189134,2.8987962860737113,1.8421934893746656,1.0566027966990457
ENSG00000092208,5.432455082324094,4.376311507418296,1.0561435749057981
ENSG00000135776,6.870661080834416,5.814715818323085,1.0559452625113304
ENSG00000164821,6.841854754632099,5.7863377041562245,1.0555170504758742
ENSG00000259319,3.842837131133718,2.787466301628541,1.055370829505177
ENSG00000122481,4.743175220976472,3.6880414074137744,1.0551338135626973
ENSG00000234284,5.289150109741619,4.234632425461867,1.0545176842797517
ENSG00000118495,7.792845565701742,6.738451116086845,1.0543944496148967
ENSG00000255837,2.864366351661135,1.8102572955532665,1.0541090561078683
ENSG00000138778,3.6013596192958186,2.5473211175641377,1.054038501731681
ENSG00000198146,6.015796008365172,4.961778255893476,1.0540177524716956
ENSG00000250303,5.01150553047546,3.957966746654004,1.0535387838214558
ENSG00000133808,5.37738778376821,4.324072847646201,1.0533149361220087
ENSG00000254126,1.3582673348656067,2.4114972505608043,-1.0532299156951976
ENSG00000128791,5.675625222191912,4.622748712029511,1.0528765101624007
ENSG00000230844,5.685166220031388,4.632368001196447,1.0527982188349414
ENSG00000175087,6.375351294113412,5.32260685755341,1.052744436560002
ENSG00000247400,5.464303675829698,4.412203941439473,1.0520997343902252
ENSG00000256274,1.165308849388279,0.11321160719436829,1.0520972421939108
ENSG00000188647,8.899371378398184,7.8473690285488376,1.0520023498493467
ENSG00000259642,5.135889559649974,4.084319976796146,1.051569582853828
ENSG00000116678,4.881477320970126,3.8304517290257962,1.05102559194433
ENSG00000101278,2.7633175055297756,1.7126376900020206,1.050679815527755
ENSG00000058091,7.046788511733101,5.996283139319991,1.0505053724131095
ENSG00000128918,4.017996481908271,2.967513233615645,1.0504832482926258
ENSG00000138326,10.597322870007982,9.54736980926145,1.0499530607465317
ENSG00000188994,8.027241987491722,6.977461640004428,1.0497803474872942
ENSG00000151773,2.857592687578244,1.8081873621981404,1.0494053253801037
ENSG00000259865,6.100852416870111,5.051458278841715,1.0493941380283953
ENSG00000149346,2.942448868533985,1.8932361880273627,1.0492126805066222
ENSG00000178691,8.3120416354664,7.262832793126823,1.049208842339577
ENSG00000255545,3.448549230492189,2.4002393324838205,1.0483098980083687
ENSG00000167377,2.4825884262264126,1.434560204567486,1.0480282216589267
ENSG00000164327,9.769653429921986,8.722065570195042,1.047587859726944
ENSG00000261098,4.702738671005053,3.6551925006139574,1.047546170391096
ENSG00000149231,7.250477888819081,6.20295354372453,1.0475243450945504
ENSG00000050767,2.9089932529908094,1.8615087705317654,1.047484482459044
ENSG00000187164,7.052327988034396,6.005127833496234,1.047200154538162
ENSG00000253738,6.117861005743933,5.070875503105896,1.0469855026380372
ENSG00000100505,3.360533148156201,2.3137591634727204,1.0467739846834805
ENSG00000066422,8.292233772822756,7.245643470698341,1.0465903021244154
ENSG00000215568,1.3773355590735967,0.33170401355533746,1.0456315455182592
ENSG00000251957,1.2295739585136223,0.18464017862293972,1.0449337798906826
ENSG00000170917,3.4625497528722633,2.4178539145550366,1.0446958383172267
ENSG00000236756,1.5566416671474375,0.5121375001030223,1.044504167044415
ENSG00000114209,8.197390771771673,7.15364918188555,1.0437415898861229
ENSG00000166479,8.574919515033411,7.53124068445715,1.043678830576261
ENSG00000162688,7.013100644379538,5.970028484446579,1.0430721599329589
ENSG00000151414,8.875177934541734,7.832246507749267,1.0429314267924665
ENSG00000238465,3.225852254598466,2.182992154339246,1.0428601002592202
ENSG00000196911,6.763778364570391,5.720961197063727,1.042817167506664
ENSG00000172795,10.279030475534652,9.236214516046685,1.0428159594879673
ENSG00000114346,5.433690759584178,4.392045152290509,1.0416456072936695
ENSG00000143674,4.0066227651332875,2.965098617005063,1.0415241481282247
ENSG00000138411,6.267725717579748,5.2262853213175235,1.0414403962622245
ENSG00000255624,3.0761004931133566,2.034823709332507,1.0412767837808499
ENSG00000005812,8.672328636153955,7.631207741280248,1.041120894873707
ENSG00000162069,6.2051588252936405,5.1645890511588135,1.040569774134827
ENSG00000213707,1.902954602839617,0.8626296855036307,1.0403249173359863
ENSG00000157224,3.0753999566856156,2.0356091499822866,1.039790806703329
ENSG00000113638,5.8501243951226565,4.810878591023884,1.0392458040987727
ENSG00000213036,1.7180281620643185,0.6792696431662097,1.0387585188981088
ENSG00000236242,2.732841454124456,1.6951548161188132,1.0376866380056426
ENSG00000144395,1.9779932967103744,0.9407089286744509,1.0372843680359236
ENSG00000269487,1.662607059580581,0.6253491072973906,1.0372579522831904
ENSG00000075131,4.182307206114817,3.1455033254224234,1.036803880692394
ENSG00000186231,3.225298478461631,2.189006092011848,1.0362923864497833
ENSG00000163694,9.60246369673918,8.566525708307344,1.0359379884318365
ENSG00000175984,3.5015035950128603,2.4664463135053825,1.0350572815074779
ENSG00000214465,2.151734038175917,1.117075572947993,1.0346584652279238
ENSG00000172469,6.125822938033198,5.091527557964723,1.0342953800684755
ENSG00000189127,3.455273449957175,2.42135423327469,1.0339192166824853
ENSG00000156273,10.232578948189152,9.198972818162675,1.0336061300264774
ENSG00000251023,4.206253797038484,3.172709120997209,1.0335446760412754
ENSG00000104450,6.320498130628824,5.287012875614531,1.033485255014293
ENSG00000259418,2.019038868918688,0.9866986565155026,1.0323402124031853
ENSG00000153130,6.211990630971353,5.179776795833623,1.0322138351377292
ENSG00000250312,5.097064561691599,4.0648954942876205,1.032169067403978
ENSG00000220323,1.9655492167814803,0.9340582569322021,1.031490959849278
ENSG00000177692,2.3868552981011217,1.3572591500469007,1.029596148054221
ENSG00000166736,1.9519744055691188,2.981563812541271,-1.0295894069721523
ENSG00000122482,7.487126315709027,6.458925347213657,1.0282009684953701
ENSG00000137845,10.171919342013089,9.143862267647807,1.0280570743652824
ENSG00000272403,3.6566445459236507,2.628618737519625,1.028025808404026
ENSG00000174106,7.6150441991652755,6.587726841030038,1.027317358135238
ENSG00000246130,2.9441203395624225,1.916818231005386,1.0273021085570364
ENSG00000127377,2.375812711451189,1.349328342019133,1.0264843694320558
ENSG00000109163,1.3236808765923695,0.29785178581730803,1.0258290907750616
ENSG00000207248,2.7921088860319228,1.7667844600907456,1.0253244259411771
ENSG00000198862,7.898698464229855,6.873770529177966,1.0249279350518892
ENSG00000265728,1.9220806412284475,0.8973030303015052,1.0247776109269422
ENSG00000115896,5.127660952619444,4.10292415251284,1.024736800106604
ENSG00000144228,9.08416723883472,8.059673739357711,1.0244934994770087
ENSG00000099290,6.396923005420166,5.372589660757095,1.024333344663071
ENSG00000161970,8.573744091091585,7.5496880956963635,1.024055995395222
ENSG00000273112,3.5689869950030215,2.5451968922477914,1.02379010275523
ENSG00000176018,7.630972017682043,6.607647336714734,1.0233246809673089
ENSG00000249353,3.3849608143810515,2.362295869136044,1.0226649452450074
