Gene,Coefficient,Abs_Coefficient,log2FC,p_value,FDR
ENSG00000224533,0.1659983177407768,0.1659983177407768,1.2467521927315712,0.0023530581283542,0.4888245772185087
ENSG00000133063,0.155192846799172,0.155192846799172,1.1494108376494694,0.0009404504069834,0.4888245772185087
ENSG00000065618,0.1532467996765963,0.1532467996765963,1.1572250723320998,0.0457029583516981,0.4888245772185087
ENSG00000147206,0.1503466449203482,0.1503466449203482,1.1503032689975472,0.0068734055940528,0.4888245772185087
ENSG00000250771,0.1488476945437246,0.1488476945437246,2.2202016944363026,0.0001505044310031,0.4888245772185087
ENSG00000182263,0.1453535267069775,0.1453535267069775,1.168123694092141,0.0023615428671974,0.4888245772185087
ENSG00000144395,0.1430395713381406,0.1430395713381406,1.0372843680359236,0.008371462354296,0.4888245772185087
ENSG00000172828,0.1285003220734321,0.1285003220734321,1.395699428712155,0.0008290717675963,0.4888245772185087
ENSG00000163817,0.1223039888860272,0.1223039888860272,1.0573839985785511,0.0053973620359819,0.4888245772185087
ENSG00000166736,-0.1201771293404838,0.1201771293404838,-1.0295894069721525,0.0269811364832207,0.4888245772185087
ENSG00000203363,0.1177969247044519,0.1177969247044519,1.150415586556255,0.0077742131954265,0.4888245772185087
ENSG00000254126,-0.1177661395475671,0.1177661395475671,-1.0532299156951976,0.0379780727855336,0.4888245772185087
ENSG00000270641,-0.1152399968411044,0.1152399968411044,-1.1297101902712463,0.004061317951513,0.4888245772185087
ENSG00000213025,-0.1119759342902553,0.1119759342902553,-1.1989024889683944,0.0068848715962071,0.4888245772185087
ENSG00000253846,0.1114556736404783,0.1114556736404783,1.0997460552839908,0.0077875651315872,0.4888245772185087
ENSG00000111907,0.1085863657821772,0.1085863657821772,1.5099753216753118,0.0001187915437835,0.4888245772185087
ENSG00000147862,-0.1068995034815759,0.1068995034815759,-1.137295989552931,0.003318838575004,0.4888245772185087
ENSG00000187534,0.1047406224739771,0.1047406224739771,1.5547671783730517,0.0133949552078025,0.4888245772185087
ENSG00000249309,0.1031685044751577,0.1031685044751577,1.245622849029471,7.266610750336415e-05,0.4888245772185087
ENSG00000235304,-0.1029147133923621,0.1029147133923621,-1.1442996090957944,0.0253955462865736,0.4888245772185087
ENSG00000086548,0.0960284022496664,0.0960284022496664,1.176521473589169,0.0157461811475537,0.4888245772185087
ENSG00000272599,0.0918967384298034,0.0918967384298034,1.3648978163983505,9.042107298661832e-05,0.4888245772185087
ENSG00000260923,0.0908536505010494,0.0908536505010494,1.0789466108673436,0.0216283706099365,0.4888245772185087
ENSG00000242154,0.090420885500636,0.090420885500636,1.20440051934649,0.0010259306205183,0.4888245772185087
ENSG00000232642,0.0898250099352706,0.0898250099352706,1.088603455928221,0.0067786998999358,0.4888245772185087
ENSG00000137834,0.0894748202590565,0.0894748202590565,1.0897570027735912,0.0082137465357569,0.4888245772185087
ENSG00000273112,0.0886699838547609,0.0886699838547609,1.02379010275523,0.0382856023463412,0.4888245772185087
ENSG00000220804,0.0883858098212641,0.0883858098212641,1.0860874435678252,0.0009092268916996,0.4888245772185087
ENSG00000225527,0.0881993858114782,0.0881993858114782,1.0731316211237591,0.0034765861026706,0.4888245772185087
ENSG00000226524,0.0876700211701541,0.0876700211701541,1.2496389169261133,0.0049077144614219,0.4888245772185087
ENSG00000248516,-0.0873082506054535,0.0873082506054535,-1.1199075746000249,0.0100618172158335,0.4888245772185087
ENSG00000213036,0.087190771339476,0.087190771339476,1.0387585188981088,0.0087537758694196,0.4888245772185087
ENSG00000265218,0.0865296113077299,0.0865296113077299,1.136889189028759,0.0218737226184611,0.4888245772185087
ENSG00000228261,0.0855011282661592,0.0855011282661592,1.1131647182866244,0.0053375167331434,0.4888245772185087
ENSG00000106328,0.0854499434391152,0.0854499434391152,1.4773692734631785,0.0012019386730393,0.4888245772185087
ENSG00000197576,0.0852426207550438,0.0852426207550438,1.5676646238808642,3.360550537003556e-05,0.4888245772185087
ENSG00000246228,0.0852315175563884,0.0852315175563884,1.2017479146582548,0.0233734245280528,0.4888245772185087
ENSG00000099290,0.0851430937088467,0.0851430937088467,1.024333344663071,0.0006098201623687,0.4888245772185087
ENSG00000225489,0.0832098427772672,0.0832098427772672,1.4140007810889756,0.0011137565415089,0.4888245772185087
ENSG00000231329,0.0830281597305438,0.0830281597305438,1.151323560099116,0.0067226261693595,0.4888245772185087
ENSG00000099864,0.0806910538007148,0.0806910538007148,1.096182494045283,0.0125507270302824,0.4888245772185087
ENSG00000242992,0.0799062716860401,0.0799062716860401,1.0793579561808209,0.0133029905817167,0.4888245772185087
ENSG00000268433,0.0774377757250541,0.0774377757250541,1.6146834795721627,0.0078381524883376,0.4888245772185087
ENSG00000217159,0.076858459600237,0.076858459600237,1.067631019044574,0.0089769530794205,0.4888245772185087
ENSG00000146005,0.0759911086905766,0.0759911086905766,1.217878713291189,0.0160035046163969,0.4888245772185087
ENSG00000188199,0.0755960915130551,0.0755960915130551,1.0893087165882505,0.0008214898991951,0.4888245772185087
ENSG00000253854,0.0738774002700517,0.0738774002700517,1.2420271200662336,0.0024189840341286,0.4888245772185087
ENSG00000105507,-0.0729638356554567,0.0729638356554567,-1.0646076668093092,0.0263365891059581,0.4888245772185087
ENSG00000211655,-0.0728806064019071,0.0728806064019071,-1.447799965569581,0.0127088767489339,0.4888245772185087
ENSG00000160307,-0.0723425355750536,0.0723425355750536,-1.1984882009479394,0.0426946625996258,0.4888245772185087
ENSG00000097096,0.0722858156122883,0.0722858156122883,1.3814140179836438,0.0006485713981072,0.4888245772185087
ENSG00000273474,0.0717752606340868,0.0717752606340868,1.112588020451188,0.0024906293603818,0.4888245772185087
ENSG00000237805,0.0682990968728256,0.0682990968728256,1.2258639857814972,0.0065562884546453,0.4888245772185087
ENSG00000110237,0.0672556954507245,0.0672556954507245,1.2196990740878766,0.009977386817598,0.4888245772185087
ENSG00000105131,0.0660257139501963,0.0660257139501963,1.1025955686690307,0.0267939354633612,0.4888245772185087
ENSG00000234972,0.0659662217846916,0.0659662217846916,1.063219969752048,0.0263982449950347,0.4888245772185087
ENSG00000116690,0.0653503201289479,0.0653503201289479,1.3940652808593872,0.0001380415033111,0.4888245772185087
ENSG00000145244,0.0645348468112744,0.0645348468112744,1.095840486852249,0.0144777244336335,0.4888245772185087
ENSG00000249396,0.064505097827427,0.064505097827427,1.2416942818018737,0.005714054657802,0.4888245772185087
ENSG00000229236,0.0642872800023415,0.0642872800023415,1.1758166988760184,0.0483722861809367,0.4888245772185087
ENSG00000162069,0.0627580664708579,0.0627580664708579,1.040569774134827,0.0215422644945458,0.4888245772185087
ENSG00000260695,0.0614818742848722,0.0614818742848722,1.105180013353824,0.0116701225891521,0.4888245772185087
ENSG00000155760,0.0613489672814447,0.0613489672814447,1.1251973342043788,0.007897224003401,0.4888245772185087
ENSG00000134769,0.0607312028742435,0.0607312028742435,1.697527651344627,0.0004821306952408,0.4888245772185087
ENSG00000050767,0.0606537401047199,0.0606537401047199,1.047484482459044,0.0089583091516428,0.4888245772185087
ENSG00000256937,0.0602563157657801,0.0602563157657801,1.5023583264579023,0.0005972249003797,0.4888245772185087
ENSG00000269119,0.0597667009898726,0.0597667009898726,1.071342211657488,0.0305183970275471,0.4888245772185087
ENSG00000184984,0.059157114424301,0.059157114424301,1.1577153252715782,0.0050466621338065,0.4888245772185087
ENSG00000214465,0.058975850496291,0.058975850496291,1.0346584652279238,0.0032092213099637,0.4888245772185087
ENSG00000109805,0.0589171018475625,0.0589171018475625,1.124983200457744,0.0002909963425358,0.4888245772185087
ENSG00000225630,-0.0585462194862503,0.0585462194862503,-1.4452027855649163,0.0415290806739015,0.4888245772185087
ENSG00000272746,0.0581729297783712,0.0581729297783712,1.2996269814879933,0.0128564454394514,0.4888245772185087
ENSG00000228570,-0.0578726749933383,0.0578726749933383,-1.1042584217039,0.039466986378843,0.4888245772185087
ENSG00000266912,0.0570250753458643,0.0570250753458643,1.296617447435196,0.0011403423769804,0.4888245772185087
ENSG00000163735,0.056878753431183,0.056878753431183,1.0829845821077573,0.0437732657668788,0.4888245772185087
ENSG00000254859,0.0545490619536122,0.0545490619536122,1.1323864891040207,0.0497734609512279,0.4888245772185087
ENSG00000104725,0.054124005026069,0.054124005026069,1.2382873236539735,0.0011063336016702,0.4888245772185087
ENSG00000213931,0.0540119297520845,0.0540119297520845,-1.148529718049545,0.0303430321956874,0.4888245772185087
ENSG00000150527,0.0533380690328892,0.0533380690328892,1.081220943264397,0.0007485477888313,0.4888245772185087
ENSG00000229000,0.0528207446402093,0.0528207446402093,1.3171527482235583,0.0009262887623679,0.4888245772185087
ENSG00000259715,0.0523397377912904,0.0523397377912904,1.4466409886831777,0.0036122182608211,0.4888245772185087
ENSG00000272402,0.0518419898432711,0.0518419898432711,1.1744019951746023,0.0051164789492267,0.4888245772185087
ENSG00000175445,0.0516686581987288,0.0516686581987288,1.4360523107365744,0.0031118844882538,0.4888245772185087
ENSG00000227008,0.0514757474751742,0.0514757474751742,1.0740167760133936,0.0134662798489945,0.4888245772185087
ENSG00000119862,0.0510855702413573,0.0510855702413573,1.0700877280928909,0.000537534632999,0.4888245772185087
ENSG00000260941,0.0507748593445653,0.0507748593445653,1.1152501199364155,0.010017059969255,0.4888245772185087
ENSG00000268240,0.0505587838584029,0.0505587838584029,1.2756917136853896,0.0027122588431703,0.4888245772185087
ENSG00000112139,0.0503758581467954,0.0503758581467954,1.891915426658063,0.0488276380308581,0.4888245772185087
ENSG00000232104,0.0499972253001768,0.0499972253001768,1.082316726115524,0.0315517616247901,0.4888245772185087
ENSG00000252690,0.0494617590515115,0.0494617590515115,1.211975313759998,0.0093256729964113,0.4888245772185087
ENSG00000096696,0.0489646584891686,0.0489646584891686,1.6020974322303134,0.0419468165767399,0.4888245772185087
ENSG00000178146,0.0485330429382453,0.0485330429382453,1.090131009611629,0.0410203909172122,0.4888245772185087
ENSG00000149346,0.0483537550861163,0.0483537550861163,1.0492126805066222,0.0053082542280269,0.4888245772185087
ENSG00000181234,0.0481601352217545,0.0481601352217545,1.078698465207634,0.0280811899190491,0.4888245772185087
ENSG00000189134,0.0481560217090402,0.0481560217090402,1.056602796699046,0.0295139243993099,0.4888245772185087
ENSG00000241772,0.0480721820256204,0.0480721820256204,1.394965177416305,0.0023482508110887,0.4888245772185087
ENSG00000226874,0.0470113652070179,0.0470113652070179,1.2297730119226855,0.020265499520495,0.4888245772185087
ENSG00000253520,0.0464605645379941,0.0464605645379941,1.0961858092848968,0.0088485160493084,0.4888245772185087
ENSG00000248554,0.0463177732113839,0.0463177732113839,1.1589174839871967,0.0045232167959695,0.4888245772185087
ENSG00000244405,0.0461759261047601,0.0461759261047601,1.089277297177809,0.0053967871996376,0.4888245772185087
ENSG00000179750,0.0457316253307058,0.0457316253307058,2.2417122795742097,0.0059655006318053,0.4888245772185087
ENSG00000260787,0.0455518115673993,0.0455518115673993,1.254350599238629,0.0068597637451197,0.4888245772185087
ENSG00000188987,0.0454984254275438,0.0454984254275438,1.1162292661774016,0.0155938535645729,0.4888245772185087
ENSG00000269951,0.0451563480819324,0.0451563480819324,1.6069447254688145,0.0027386580314055,0.4888245772185087
ENSG00000162692,0.0445424384231442,0.0445424384231442,1.1080406947465669,0.0196759555374047,0.4888245772185087
ENSG00000225345,0.0434453867721027,0.0434453867721027,1.3049670852174926,0.0066339527665656,0.4888245772185087
ENSG00000169330,0.0428350454453786,0.0428350454453786,1.3159940284127476,0.0024929587471485,0.4888245772185087
ENSG00000233746,0.0419850353052624,0.0419850353052624,1.1305609956775746,0.0105256052020351,0.4888245772185087
ENSG00000272403,0.0413484132654846,0.0413484132654846,1.028025808404026,0.0307418141011171,0.4888245772185087
ENSG00000215568,0.041247843615891,0.041247843615891,1.0456315455182592,0.0129724713394566,0.4888245772185087
ENSG00000153012,0.0411841550142614,0.0411841550142614,1.6424904926727486,0.001554984258959,0.4888245772185087
ENSG00000271828,0.0411000307535157,0.0411000307535157,1.326997417113455,0.0038465698942685,0.4888245772185087
ENSG00000249353,0.0406619232837013,0.0406619232837013,1.0226649452450074,0.0066670719482699,0.4888245772185087
ENSG00000115183,0.0405713313306453,0.0405713313306453,1.3238932919292203,0.0131955900388524,0.4888245772185087
ENSG00000116285,0.0403987407690964,0.0403987407690964,1.1794117263785244,0.0036561074622051,0.4888245772185087
ENSG00000166265,0.0398315402564753,0.0398315402564753,1.0960882971741486,0.0041828824838451,0.4888245772185087
ENSG00000130037,0.0393846422084767,0.0393846422084767,1.230394226834882,0.0042406028553117,0.4888245772185087
ENSG00000244363,0.0391074994571432,0.0391074994571432,1.072742861280252,0.0295915098702184,0.4888245772185087
ENSG00000244071,0.0385193855656933,0.0385193855656933,1.3427677736765329,0.0031796422389206,0.4888245772185087
ENSG00000259628,0.0377785469470059,0.0377785469470059,1.6259740705044892,0.0010336392637288,0.4888245772185087
ENSG00000261098,0.0374532341768424,0.0374532341768424,1.047546170391096,0.0244656144782953,0.4888245772185087
ENSG00000073756,-0.0361256690490162,0.0361256690490162,1.0716952046092931,0.039508870043568,0.4888245772185087
ENSG00000215533,0.0357530999542712,0.0357530999542712,1.814976148735556,0.0146350680843634,0.4888245772185087
ENSG00000240889,0.0354320982243596,0.0354320982243596,1.115651575195877,0.0080792748640935,0.4888245772185087
ENSG00000251957,0.035337361788832,0.035337361788832,1.0449337798906826,0.0028039928971062,0.4888245772185087
ENSG00000234617,0.0350992179372276,0.0350992179372276,1.1011659451639115,0.0114951919459617,0.4888245772185087
ENSG00000213707,0.035089511262001,0.035089511262001,1.0403249173359863,0.0062979128817088,0.4888245772185087
ENSG00000253239,-0.0345725984594356,0.0345725984594356,-1.815827591734488,0.0002058284577304,0.4888245772185087
ENSG00000114374,0.0344822219020298,0.0344822219020298,2.8801889595764987,0.0482095013019683,0.4888245772185087
ENSG00000232926,0.0344613307855002,0.0344613307855002,1.4532034622868253,0.003771013753445,0.4888245772185087
ENSG00000166796,0.0341822120706006,0.0341822120706006,1.159004011420208,0.0477723513652091,0.4888245772185087
ENSG00000140450,0.0341519918369425,0.0341519918369425,1.0792242928536293,0.0044223082568107,0.4888245772185087
ENSG00000134146,0.0341132603249464,0.0341132603249464,1.1498808731019905,0.0006909143325631,0.4888245772185087
ENSG00000215267,0.033892772000377,0.033892772000377,1.1656785167265022,0.0141881098112794,0.4888245772185087
ENSG00000200534,0.0330303343952079,0.0330303343952079,1.0849845111292828,0.0025701698392801,0.4888245772185087
ENSG00000215580,0.0329105253237373,0.0329105253237373,2.365650930892185,0.0397319664542723,0.4888245772185087
ENSG00000273369,0.0328886625214038,0.0328886625214038,1.1647643753125088,0.0100847330455288,0.4888245772185087
ENSG00000272853,0.0327315267113883,0.0327315267113883,1.256449577504489,0.0016252594982563,0.4888245772185087
ENSG00000271009,0.0327112210922288,0.0327112210922288,1.400345417439739,0.0048683726547621,0.4888245772185087
ENSG00000179542,0.0325976082466789,0.0325976082466789,1.3865137468549822,0.0006871254133524,0.4888245772185087
ENSG00000178162,0.0325050785398168,0.0325050785398168,1.0617053366116145,0.0344166973160062,0.4888245772185087
ENSG00000165949,0.0320709486469513,0.0320709486469513,-1.0684770363938068,0.0423754945685858,0.4888245772185087
ENSG00000163485,0.0313440083311273,0.0313440083311273,1.0882838010646037,0.0476793656723675,0.4888245772185087
ENSG00000217275,0.0313398709525579,0.0313398709525579,1.1369289223042711,0.0154205930444738,0.4888245772185087
ENSG00000255545,0.0309729263011226,0.0309729263011226,1.0483098980083687,0.0310397603200798,0.4888245772185087
ENSG00000247516,0.030723017266002,0.030723017266002,1.0880126041498777,0.0439736735109196,0.4888245772185087
ENSG00000198121,0.0304292713600966,0.0304292713600966,1.5757011644630898,0.0009542988189785,0.4888245772185087
ENSG00000163083,0.0303393266351259,0.0303393266351259,1.6775078227091318,0.0010361946922364,0.4888245772185087
ENSG00000183742,0.0302768933445185,0.0302768933445185,1.0720624822986344,0.0259797013355018,0.4888245772185087
ENSG00000270062,0.0302249183933664,0.0302249183933664,1.3514766209328402,0.0043189203831733,0.4888245772185087
ENSG00000165730,0.0299996394021604,0.0299996394021604,1.3868768431271998,0.0231396214113032,0.4888245772185087
ENSG00000129295,0.029864328869727,0.029864328869727,1.7940549684409175,0.0005469679017436,0.4888245772185087
ENSG00000213759,0.0297713057708615,0.0297713057708615,1.3574570500933243,0.0011403923398805,0.4888245772185087
ENSG00000229017,0.0297112705694825,0.0297112705694825,1.4701942176777587,0.0014096693466924,0.4888245772185087
ENSG00000243806,0.029066060554897,0.029066060554897,1.783878814168045,0.0012811603908779,0.4888245772185087
ENSG00000131002,0.0286262021946138,0.0286262021946138,3.192179348528677,0.0395257494734583,0.4888245772185087
ENSG00000133808,0.0286095496348737,0.0286095496348737,1.0533149361220069,0.0016240947043879,0.4888245772185087
ENSG00000178075,-0.0285240549544623,0.0285240549544623,1.3480775582306954,0.0119749668586709,0.4888245772185087
ENSG00000248309,0.0282990584228323,0.0282990584228323,1.2867535905047705,0.002313764554741,0.4888245772185087
ENSG00000259418,0.0282562890804366,0.0282562890804366,1.0323402124031853,0.03727582346364,0.4888245772185087
ENSG00000178440,0.0281894778394459,0.0281894778394459,1.0986508533853154,0.0122141555186757,0.4888245772185087
ENSG00000089505,0.0272700498370162,0.0272700498370162,1.1820328243362956,0.0014050426728906,0.4888245772185087
ENSG00000180581,0.0272575818401844,0.0272575818401844,1.1669992163693916,0.0060743837045211,0.4888245772185087
ENSG00000224113,0.0269030265078903,0.0269030265078903,1.3324950108987998,0.0020348281644327,0.4888245772185087
ENSG00000136051,-0.0267938061705914,0.0267938061705914,1.0821864223843995,0.0356156443161707,0.4888245772185087
ENSG00000140379,0.0267919568778048,0.0267919568778048,1.123042320972683,0.0063763702125312,0.4888245772185087
ENSG00000259806,0.0265182417442402,0.0265182417442402,1.108009488876244,0.0177994523625415,0.4888245772185087
ENSG00000214535,0.026084421250013,0.026084421250013,1.4079560650137526,0.0067076959373495,0.4888245772185087
ENSG00000198420,0.025967030276348,0.025967030276348,1.2360777691595533,0.0320574882778344,0.4888245772185087
ENSG00000244398,0.0258326147361789,0.0258326147361789,1.4940701797212632,0.0195165819460626,0.4888245772185087
ENSG00000256020,-0.0256944323827501,0.0256944323827501,-1.5190396990474482,0.0408930861442801,0.4888245772185087
ENSG00000111961,0.024727789692257,0.024727789692257,1.1728994516930649,0.0094741767882058,0.4888245772185087
ENSG00000163624,0.0239279287472549,0.0239279287472549,1.1539183969795768,0.0062337974236991,0.4888245772185087
ENSG00000104043,0.0234639648175235,0.0234639648175235,1.1294966437736944,0.0044202469069404,0.4888245772185087
ENSG00000178852,0.0233670180996956,0.0233670180996956,1.3390788600225343,0.00292503574422,0.4888245772185087
ENSG00000141682,-0.0232111252360875,0.0232111252360875,1.0571867814427351,0.0398103375369809,0.4888245772185087
ENSG00000157107,-0.0230210146685762,0.0230210146685762,1.1141163599251582,0.0207649695534088,0.4888245772185087
ENSG00000245498,0.0229571217811923,0.0229571217811923,1.1647704368453646,0.0261702467407228,0.4888245772185087
ENSG00000164327,-0.022938256133367,0.022938256133367,1.047587859726944,0.034146805465462,0.4888245772185087
ENSG00000155008,0.0228068638876701,0.0228068638876701,1.2434728208236838,0.0189630609755612,0.4888245772185087
ENSG00000198862,-0.022760057540381,0.022760057540381,1.0249279350518885,0.0356194761392863,0.4888245772185087
ENSG00000177692,0.0227195570455554,0.0227195570455554,1.029596148054221,0.028296100565198,0.4888245772185087
ENSG00000189420,0.0225982636208387,0.0225982636208387,1.4982701733023485,0.0041979295456624,0.4888245772185087
ENSG00000116406,-0.0225953734111677,0.0225953734111677,1.079777792455391,0.0398624264384896,0.4888245772185087
ENSG00000258831,0.0225026824394131,0.0225026824394131,1.7576912603416166,0.0023024729110082,0.4888245772185087
ENSG00000261597,0.0222920316317911,0.0222920316317911,1.0915323715044185,0.0425105753414537,0.4888245772185087
ENSG00000133138,0.0219415897588224,0.0219415897588224,1.839294576818492,0.0008452612073539,0.4888245772185087
ENSG00000151414,-0.02192187219175,0.02192187219175,1.0429314267924663,0.0394241945584268,0.4888245772185087
ENSG00000225135,-0.0217335432842682,0.0217335432842682,1.0845069957707016,0.0245754421047891,0.4888245772185087
ENSG00000221937,-0.021672012048991,0.021672012048991,1.4188780377483037,0.0191927203745521,0.4888245772185087
ENSG00000136014,-0.0216371249229972,0.0216371249229972,1.2105010126811058,0.0415750416015849,0.4888245772185087
ENSG00000163806,0.0212173169806353,0.0212173169806353,1.362920283987231,0.0021485333945624,0.4888245772185087
ENSG00000188994,-0.0206441509221211,0.0206441509221211,1.0497803474872942,0.0447623309477778,0.4888245772185087
ENSG00000122970,0.0204448384073949,0.0204448384073949,1.6517431728448335,0.0028508061713315,0.4888245772185087
ENSG00000113595,-0.0204084961135818,0.0204084961135818,1.2788713112398522,0.0239181743255041,0.4888245772185087
ENSG00000188158,0.020080294082322,0.020080294082322,1.629603715416904,0.0009305091416971,0.4888245772185087
ENSG00000197601,-0.019669325129852,0.019669325129852,1.079483898071416,0.0186245052001188,0.4888245772185087
ENSG00000215417,0.0195712736843629,0.0195712736843629,1.2136848087508545,0.0032050382893071,0.4888245772185087
ENSG00000183439,0.0194972233384687,0.0194972233384687,1.3057489890087852,0.0069877701996219,0.4888245772185087
ENSG00000091039,-0.0194452250998418,0.0194452250998418,1.1033877983288445,0.0154238387589603,0.4888245772185087
ENSG00000256274,0.0190212231865187,0.0190212231865187,1.0520972421939108,0.0322790906064238,0.4888245772185087
ENSG00000178726,0.0189585071769143,0.0189585071769143,1.3093747348148677,0.0019172662417264,0.4888245772185087
ENSG00000248734,0.018872309773754,0.018872309773754,1.2225331942529645,0.0042755404952771,0.4888245772185087
ENSG00000188647,-0.0187871913969969,0.0187871913969969,1.0520023498493467,0.0314415243243755,0.4888245772185087
ENSG00000075131,0.0186216357085221,0.0186216357085221,1.036803880692394,0.0161085139753995,0.4888245772185087
ENSG00000136636,-0.0183052836015967,0.0183052836015967,1.1000631455098486,0.024016199312038,0.4888245772185087
ENSG00000187164,0.0180916629147521,0.0180916629147521,1.047200154538162,0.0056243604184632,0.4888245772185087
ENSG00000267163,0.0180640302064694,0.0180640302064694,1.139814797330627,0.0202466038347207,0.4888245772185087
ENSG00000164830,-0.0180458019072851,0.0180458019072851,1.1288425190620082,0.0398300113021193,0.4888245772185087
ENSG00000168772,0.017920132190529,0.017920132190529,1.6240491109769757,0.0072521938966788,0.4888245772185087
ENSG00000259642,0.017852612963306,0.017852612963306,1.0515695828538272,0.0031566739279563,0.4888245772185087
ENSG00000171988,-0.0177920951042587,0.0177920951042587,1.116556612327292,0.027616914450255,0.4888245772185087
ENSG00000171714,0.0176054468556599,0.0176054468556599,1.5792718237431238,0.002474704937481,0.4888245772185087
ENSG00000176018,-0.017518428036619,0.017518428036619,1.0233246809673089,0.0424607521517605,0.4888245772185087
ENSG00000122482,-0.0174848339732607,0.0174848339732607,1.02820096849537,0.0394329096060669,0.4888245772185087
ENSG00000104497,-0.0174721915057687,0.0174721915057687,1.1337004963149369,0.0224474804167019,0.4888245772185087
ENSG00000178691,-0.017453874603409,0.017453874603409,1.0492088423395751,0.0328198075565764,0.4888245772185087
ENSG00000136492,0.0173338198171893,0.0173338198171893,1.1814180928227334,0.0161235905423459,0.4888245772185087
ENSG00000133055,0.0173237811892625,0.0173237811892625,1.3335108282914383,0.0034075639663906,0.4888245772185087
ENSG00000151151,-0.017271141549631,0.017271141549631,1.2159665661205263,0.0289843905293035,0.4888245772185087
ENSG00000172845,-0.0172564530124248,0.0172564530124248,1.0824581804325335,0.0222620874568544,0.4888245772185087
ENSG00000168300,-0.0172134178713968,0.0172134178713968,1.1168244654907644,0.0222636309471986,0.4888245772185087
ENSG00000166819,-0.01713127839253,0.01713127839253,1.120766980671728,0.0400789121127534,0.4888245772185087
ENSG00000170264,0.0170595685639455,0.0170595685639455,1.2457325796489371,0.0216611218433914,0.4888245772185087
ENSG00000258730,0.0169909787889855,0.0169909787889855,1.227121892490553,0.0114177871613173,0.4888245772185087
ENSG00000013441,-0.0169448244760156,0.0169448244760156,1.0735824516967227,0.0291937954448321,0.4888245772185087
ENSG00000186908,-0.0168375792221198,0.0168375792221198,1.079040341959943,0.0248645108960177,0.4888245772185087
ENSG00000170917,0.0167608286449643,0.0167608286449643,1.044695838317227,0.0083282015139928,0.4888245772185087
ENSG00000151239,-0.0166641718318839,0.0166641718318839,1.1183943661032876,0.0304855799776459,0.4888245772185087
ENSG00000186231,-0.0166245860512365,0.0166245860512365,1.0362923864497833,0.0408201258712522,0.4888245772185087
ENSG00000167377,0.016494540486706,0.016494540486706,1.048028221658927,0.0359560411006813,0.4888245772185087
ENSG00000001630,0.0164838165572007,0.0164838165572007,1.1577120515695487,0.012871870798879,0.4888245772185087
ENSG00000226918,0.0164400110414309,0.0164400110414309,1.4457772584795967,0.0170674795666552,0.4888245772185087
ENSG00000145431,0.0164119186023376,0.0164119186023376,1.3694680272660986,0.0082054117018348,0.4888245772185087
ENSG00000162688,-0.0161912411851429,0.0161912411851429,1.0430721599329598,0.0401498113452438,0.4888245772185087
ENSG00000155744,-0.016103633611291,0.016103633611291,1.1155994738633233,0.0177959992275876,0.4888245772185087
ENSG00000158270,0.0160798558939548,0.0160798558939548,1.2769026944646409,0.0162654449275902,0.4888245772185087
ENSG00000048392,-0.0160313154355728,0.0160313154355728,1.1481145433981856,0.0131989243295682,0.4888245772185087
ENSG00000236756,0.0159881356262054,0.0159881356262054,1.044504167044415,0.0143249210239015,0.4888245772185087
ENSG00000185774,-0.0158780210109938,0.0158780210109938,1.1995512294882515,0.0296294487135507,0.4888245772185087
ENSG00000144228,-0.0158743690263362,0.0158743690263362,1.0244934994770087,0.018501724637403,0.4888245772185087
ENSG00000075223,-0.0157494235632868,0.0157494235632868,1.1201946170280968,0.0366377221445428,0.4888245772185087
ENSG00000150681,-0.0157001669929027,0.0157001669929027,1.0798138235340922,0.0226560217707842,0.4888245772185087
ENSG00000126860,-0.0155544135093076,0.0155544135093076,1.112804471991412,0.020452707804379,0.4888245772185087
ENSG00000182903,-0.0154920446391813,0.0154920446391813,1.1441460419317506,0.0419897949888602,0.4888245772185087
ENSG00000174106,-0.0153919346729362,0.0153919346729362,1.027317358135238,0.0452828214185725,0.4888245772185087
ENSG00000163605,-0.0150311999081066,0.0150311999081066,1.1545633082144722,0.0227597633676551,0.4888245772185087
ENSG00000265579,0.0150303763945307,0.0150303763945307,1.0788832778843305,0.037905782954296,0.4888245772185087
ENSG00000166479,-0.0149198000974208,0.0149198000974208,1.0436788305762592,0.0329679088244673,0.4888245772185087
ENSG00000067900,-0.0147038056689251,0.0147038056689251,1.1059839881175488,0.027623207338815,0.4888245772185087
ENSG00000197776,-0.0146205535498548,0.0146205535498548,1.156730430321701,0.0464411891492074,0.4888245772185087
ENSG00000122877,0.0145826015801392,0.0145826015801392,1.3086905986968935,0.0168399382435217,0.4888245772185087
ENSG00000133116,0.0145678613051631,0.0145678613051631,1.1745112255089782,0.0173264728401079,0.4888245772185087
ENSG00000166503,0.0141223408832006,0.0141223408832006,1.1738027658557564,0.0138477652291698,0.4888245772185087
ENSG00000138061,-0.0140668243644519,0.0140668243644519,1.105198331597709,0.0185104447365286,0.4888245772185087
ENSG00000241511,0.0138073891404301,0.0138073891404301,1.176660592475442,0.0078051082354673,0.4888245772185087
ENSG00000023287,-0.0136482358956133,0.0136482358956133,1.2441343834745346,0.0162575907053206,0.4888245772185087
ENSG00000238465,0.0135779138351819,0.0135779138351819,1.0428601002592202,0.0090180537069578,0.4888245772185087
ENSG00000149548,0.0135154718738804,0.0135154718738804,1.1187133945098924,0.0076294487098502,0.4888245772185087
ENSG00000225422,-0.0135084657222253,0.0135084657222253,1.3584109677286988,0.0141845508673948,0.4888245772185087
ENSG00000220323,0.013395777789114,0.013395777789114,1.031490959849278,0.0057170548914658,0.4888245772185087
ENSG00000254685,-0.0133005462656931,0.0133005462656931,1.0794933818368009,0.0109659890652025,0.4888245772185087
ENSG00000066422,-0.0132184592608907,0.0132184592608907,1.0465903021244165,0.0297678035559699,0.4888245772185087
ENSG00000150045,0.0130283259499057,0.0130283259499057,1.1805515371061706,0.0076896613089487,0.4888245772185087
ENSG00000086300,-0.0129991438555725,0.0129991438555725,1.105457025653214,0.0144519457054456,0.4888245772185087
ENSG00000136235,0.0128932978013784,0.0128932978013784,1.1381391936694427,0.0339808679072857,0.4888245772185087
ENSG00000257743,-0.0128913652391666,0.0128913652391666,1.0863641672355042,0.0266381067529252,0.4888245772185087
ENSG00000005812,-0.0128402105012008,0.0128402105012008,1.041120894873707,0.0218710352519724,0.4888245772185087
ENSG00000269487,0.0127620853086356,0.0127620853086356,1.0372579522831904,0.0185679012939856,0.4888245772185087
ENSG00000270659,0.0127587484859074,0.0127587484859074,1.1104601090873398,0.0164001406108251,0.4888245772185087
ENSG00000135776,-0.0127233440194995,0.0127233440194995,1.0559452625113304,0.0282603112166179,0.4888245772185087
ENSG00000116918,-0.0127050172285908,0.0127050172285908,1.0654351102529835,0.0158054953992589,0.4888245772185087
ENSG00000268225,0.012663312295605,0.012663312295605,1.1590920073523407,0.0166940634414678,0.4888245772185087
ENSG00000118495,-0.0126308647715885,0.0126308647715885,1.0543944496148976,0.015447688973139,0.4888245772185087
ENSG00000138182,-0.0126250929276232,0.0126250929276232,1.0585655668813612,0.0471251628441282,0.4888245772185087
ENSG00000173542,-0.0125738815642145,0.0125738815642145,1.1453552293152454,0.0229460495091964,0.4888245772185087
ENSG00000173930,0.0124801269713085,0.0124801269713085,1.477784040460135,0.0024085272870572,0.4888245772185087
ENSG00000154734,0.0123173347358416,0.0123173347358416,1.3176921878951746,0.0051752497289697,0.4888245772185087
ENSG00000101745,-0.0120636841946427,0.0120636841946427,1.1812852227234876,0.0310346769697053,0.4888245772185087
ENSG00000272520,0.0119061129778215,0.0119061129778215,1.1721172845205428,0.0132798688042233,0.4888245772185087
ENSG00000067646,0.0118888541178606,0.0118888541178606,2.220274535904859,0.0411061335003146,0.4888245772185087
ENSG00000251023,-0.011723325793686,0.011723325793686,1.0335446760412754,0.0318249221829485,0.4888245772185087
ENSG00000233030,0.0116977769943364,0.0116977769943364,1.0770229641268765,0.0373742662802732,0.4888245772185087
ENSG00000196247,-0.0116431514281125,0.0116431514281125,1.4020071137752304,0.0206105922082115,0.4888245772185087
ENSG00000106341,0.0116201162948404,0.0116201162948404,1.543373058886552,0.0038529699389946,0.4888245772185087
ENSG00000185947,-0.0115959969278725,0.0115959969278725,1.347313485005813,0.0114639167434295,0.4888245772185087
ENSG00000272417,0.011591769873043,0.011591769873043,1.0897231032359185,0.0238654317881666,0.4888245772185087
ENSG00000145949,-0.0114417034260804,0.0114417034260804,1.394158550170991,0.0154783856693442,0.4888245772185087
ENSG00000225402,-0.0114006018547677,0.0114006018547677,1.1412783054179745,0.0497229835614034,0.4888245772185087
ENSG00000174442,0.011308550419147,0.011308550419147,1.106098486335827,0.0039774630818953,0.4888245772185087
ENSG00000138411,-0.0111311513318352,0.0111311513318352,1.0414403962622265,0.0195045538276186,0.4888245772185087
ENSG00000258476,0.0111272168687149,0.0111272168687149,1.297066570448651,0.0056998028520543,0.4888245772185087
ENSG00000260837,-0.0110878945014591,0.0110878945014591,1.0606402085415745,0.0174338942153253,0.4888245772185087
ENSG00000110723,0.0110057867888244,0.0110057867888244,1.2441381651891286,0.0110107119968155,0.4888245772185087
ENSG00000155100,-0.0107762407284051,0.0107762407284051,1.0587179239994082,0.0452705387247431,0.4888245772185087
ENSG00000224892,0.010714937470749,0.010714937470749,1.247283715066707,0.012154953851806,0.4888245772185087
ENSG00000137845,-0.010611317333121,0.010611317333121,1.0280570743652824,0.0106678498919397,0.4888245772185087
ENSG00000109163,0.0102762492021622,0.0102762492021622,1.0258290907750616,0.007688331053083,0.4888245772185087
ENSG00000163535,-0.0101018481920016,0.0101018481920016,1.0598224808925618,0.0289126134964371,0.4888245772185087
ENSG00000126777,-0.0100487380691717,0.0100487380691717,1.0729939959010268,0.0328836909523889,0.4888245772185087
ENSG00000152413,0.0096906587878434,0.0096906587878434,1.1912311639416258,0.0397802132128288,0.4888245772185087
ENSG00000174405,-0.0095794331132693,0.0095794331132693,1.2812083633424587,0.027176642168851,0.4888245772185087
ENSG00000196437,-0.009470848155618,0.009470848155618,1.2770989032908058,0.027954810604645,0.4888245772185087
ENSG00000137040,-0.0093022590489695,0.0093022590489695,1.1690333101327672,0.0275915824099552,0.4888245772185087
ENSG00000165195,-0.0092688843594472,0.0092688843594472,1.0766041375322877,0.0223144100090075,0.4888245772185087
ENSG00000174194,0.0092146830682464,0.0092146830682464,1.1963322962480842,0.0149799130053036,0.4888245772185087
ENSG00000169432,0.0089954326361247,0.0089954326361247,1.3646566922409171,0.0182042464292703,0.4888245772185087
ENSG00000172795,-0.0089419238143284,0.0089419238143284,1.0428159594879671,0.0096228590455999,0.4888245772185087
ENSG00000138738,0.0089075165703438,0.0089075165703438,1.291866937681144,0.0203616981476439,0.4888245772185087
ENSG00000269246,0.0088171911002613,0.0088171911002613,1.4069818452988758,0.0098459947839238,0.4888245772185087
ENSG00000178074,-0.008715280273334,0.008715280273334,1.1868318871231027,0.0182661574623206,0.4888245772185087
ENSG00000138032,-0.0086961854394662,0.0086961854394662,1.0807470332790148,0.0172913495330276,0.4888245772185087
ENSG00000204466,-0.0086859735323461,0.0086859735323461,1.2937341882922575,0.035317466609715,0.4888245772185087
ENSG00000272732,0.0086760088299459,0.0086760088299459,1.1449322866790554,0.0268256933801148,0.4888245772185087
ENSG00000126821,-0.0085136393001671,0.0085136393001671,1.2533512247413254,0.0238694729140303,0.4888245772185087
ENSG00000163376,-0.0084849315475933,0.0084849315475933,1.2243922734039838,0.0322145110289744,0.4888245772185087
ENSG00000124795,-0.0083726253370118,0.0083726253370118,1.0598491140443418,0.0229255136673745,0.4888245772185087
ENSG00000156273,-0.008272018616024,0.008272018616024,1.0336061300264756,0.0156718192518663,0.4888245772185087
ENSG00000196678,0.008229949304253,0.008229949304253,1.1928642935140572,0.0031209114054004,0.4888245772185087
ENSG00000104450,0.008204599527731,0.008204599527731,1.033485255014293,0.0093092239658207,0.4888245772185087
ENSG00000152503,0.0081697120479831,0.0081697120479831,1.345713379662191,0.0306037614660652,0.4888245772185087
ENSG00000151491,-0.0075626562080193,0.0075626562080193,1.0903999370935256,0.0330579449641213,0.4888245772185087
ENSG00000112242,-0.007549208787102,0.007549208787102,1.1600715224638405,0.015269995734759,0.4888245772185087
ENSG00000273284,0.0075451202428872,0.0075451202428872,1.439660668092126,0.0056982787026305,0.4888245772185087
ENSG00000197566,-0.0074884859122393,0.0074884859122393,1.1113595501187064,0.0235601664325765,0.4888245772185087
ENSG00000128791,-0.0074597982869325,0.0074597982869325,1.0528765101624007,0.0264167095827428,0.4888245772185087
ENSG00000111537,0.0070963459632009,0.0070963459632009,1.2761240706012449,0.0205554173652398,0.4888245772185087
ENSG00000198707,-0.0070878247961945,0.0070878247961945,1.226545824280442,0.0286710444164605,0.4888245772185087
ENSG00000116678,0.0070814146651541,0.0070814146651541,1.05102559194433,0.0260409749264527,0.4888245772185087
ENSG00000230565,0.0069247394175599,0.0069247394175599,1.096041411216253,0.0115119080412664,0.4888245772185087
ENSG00000203668,-0.0068027980500884,0.0068027980500884,1.249587283766341,0.0205722896643509,0.4888245772185087
ENSG00000146842,-0.0067923794578887,0.0067923794578887,1.1237666292386237,0.01447735447826,0.4888245772185087
ENSG00000101278,-0.0067444238156102,0.0067444238156102,1.050679815527755,0.0304018274713685,0.4888245772185087
ENSG00000174718,-0.0067411147574241,0.0067411147574241,1.098727242654796,0.0098658487616273,0.4888245772185087
ENSG00000253738,-0.0066834933507992,0.0066834933507992,1.0469855026380372,0.0468633032017871,0.4888245772185087
ENSG00000261366,0.0066347235422612,0.0066347235422612,1.087003651924753,0.0498125394470637,0.4888245772185087
ENSG00000163378,-0.0066058345422051,0.0066058345422051,1.073089776060853,0.0224124258676265,0.4888245772185087
ENSG00000133739,0.0064716366584073,0.0064716366584073,2.0465637023881893,0.0081058085362999,0.4888245772185087
ENSG00000156374,-0.0063792684239467,0.0063792684239467,1.2022315062703872,0.0339862358502585,0.4888245772185087
ENSG00000228817,0.0063552756365626,0.0063552756365626,1.1461744480744205,0.0154860454003353,0.4888245772185087
ENSG00000251288,-0.0063015957731342,0.0063015957731342,1.1415286420825828,0.0080359592826631,0.4888245772185087
ENSG00000092208,0.0062282021517855,0.0062282021517855,1.056143574905798,0.0097628960853435,0.4888245772185087
ENSG00000111850,-0.0061973130230408,0.0061973130230408,1.0660505032556422,0.0266431503571222,0.4888245772185087
ENSG00000181315,0.0060355103415855,0.0060355103415855,1.078696462162262,0.0293774278909235,0.4888245772185087
ENSG00000207248,0.0059893477485615,0.0059893477485615,1.0253244259411771,0.009998138871785,0.4888245772185087
ENSG00000230844,0.0058492559448174,0.0058492559448174,1.0527982188349414,0.0058566099898337,0.4888245772185087
ENSG00000117479,0.0056001963906893,0.0056001963906893,1.3523308189821428,0.0082507538362058,0.4888245772185087
ENSG00000245466,0.005451378369588,0.005451378369588,1.1729066180663628,0.0216803378173665,0.4888245772185087
ENSG00000102174,-0.0053750059970045,0.0053750059970045,1.223875302870105,0.0397844978076051,0.4888245772185087
ENSG00000170677,0.0053743214907884,0.0053743214907884,1.2222283390978128,0.049285282221818,0.4888245772185087
ENSG00000267510,0.0052327358769945,0.0052327358769945,1.1020023191094523,0.0188391272739015,0.4888245772185087
ENSG00000212916,-0.0050861962159572,0.0050861962159572,1.218271747654883,0.0202735127903109,0.4888245772185087
ENSG00000089048,-0.0050634527610131,0.0050634527610131,1.2410148081192711,0.0426204533185587,0.4888245772185087
ENSG00000153140,0.0050352881091352,0.0050352881091352,1.6794660600604008,0.0235851676137368,0.4888245772185087
ENSG00000083535,-0.0049491560999273,0.0049491560999273,1.1848346304617774,0.0170105956164815,0.4888245772185087
ENSG00000114346,-0.0048702108039334,0.0048702108039334,1.0416456072936695,0.0236889430701766,0.4888245772185087
ENSG00000250303,-0.0045906760875047,0.0045906760875047,1.0535387838214558,0.0270503555443113,0.4888245772185087
ENSG00000237984,0.0045504788269361,0.0045504788269361,1.2712416247645124,0.010308805548951,0.4888245772185087
ENSG00000100505,0.0045492809066922,0.0045492809066922,1.0467739846834805,0.0227837298904612,0.4888245772185087
ENSG00000163138,0.0045201969028618,0.0045201969028618,1.161596262219465,0.0081201480085605,0.4888245772185087
ENSG00000163694,-0.0043833171679227,0.0043833171679227,1.0359379884318365,0.0069991301870286,0.4888245772185087
ENSG00000264868,-0.0041794265230314,0.0041794265230314,1.205301756548974,0.0082233719201231,0.4888245772185087
ENSG00000111886,0.0041417681400587,0.0041417681400587,1.5062074886578467,0.0124808835259342,0.4888245772185087
ENSG00000167637,-0.0040615629919338,0.0040615629919338,1.2012133368997842,0.0296921634289865,0.4888245772185087
ENSG00000095637,0.0039876584577031,0.0039876584577031,1.0918552550663534,0.0425557108183885,0.4888245772185087
ENSG00000182389,-0.0039481172303148,0.0039481172303148,1.5847719275055434,0.0048625205330361,0.4888245772185087
ENSG00000004799,0.0039414612018951,0.0039414612018951,1.4108117548860584,0.0145266951378025,0.4888245772185087
ENSG00000228223,0.003923328326054,0.003923328326054,1.0889370798840092,0.0159101409777869,0.4888245772185087
ENSG00000087303,-0.0038371184725298,0.0038371184725298,1.1687693048318026,0.023597844730552,0.4888245772185087
ENSG00000165115,-0.0037870048938758,0.0037870048938758,1.0986186460834777,0.0088784944017417,0.4888245772185087
ENSG00000180113,0.0037731320991637,0.0037731320991637,1.1245177236825863,0.0372872956103006,0.4888245772185087
ENSG00000128609,-0.0037687606534345,0.0037687606534345,1.2482914426675276,0.0311589373931368,0.4888245772185087
ENSG00000247400,-0.0037114579964976,0.0037114579964976,1.0520997343902252,0.007752436857357,0.4888245772185087
ENSG00000231628,0.0035657180145004,0.0035657180145004,1.195277686445684,0.0048663520044969,0.4888245772185087
ENSG00000114209,0.0035509932558618,0.0035509932558618,1.0437415898861229,0.013890178236531,0.4888245772185087
ENSG00000179630,0.0033558539683695,0.0033558539683695,1.3472507315128728,0.0070696396908509,0.4888245772185087
ENSG00000128918,-0.0033380918403114,0.0033380918403114,1.0504832482926254,0.0322165158162255,0.4888245772185087
ENSG00000170017,0.0033195369293628,0.0033195369293628,1.2437382236344732,0.006494981484292,0.4888245772185087
ENSG00000253667,0.00329260510094,0.00329260510094,1.06300710335142,0.0081277158851026,0.4888245772185087
ENSG00000183496,0.0032287361882258,0.0032287361882258,1.23159496711911,0.0114496889964956,0.4888245772185087
ENSG00000089682,0.003104928004113,0.003104928004113,1.1193608958077128,0.0063710214750269,0.4888245772185087
ENSG00000186462,-0.0030190096637643,0.0030190096637643,1.1415951063206138,0.0273528452949839,0.4888245772185087
ENSG00000185920,0.0030072375342528,0.0030072375342528,1.0719908382397838,0.026001309134775,0.4888245772185087
ENSG00000146281,-0.0027296732617511,0.0027296732617511,1.1627414442769464,0.0218641885446031,0.4888245772185087
ENSG00000183340,0.0027258721949235,0.0027258721949235,1.3714261557781064,0.0106008349963267,0.4888245772185087
ENSG00000151773,-0.0027218406040761,0.0027218406040761,1.0494053253801037,0.0406258841978539,0.4888245772185087
ENSG00000049249,-0.0025644212310869,0.0025644212310869,1.099927864537591,0.0091813788273076,0.4888245772185087
ENSG00000227671,0.0025621254450787,0.0025621254450787,1.2977444183280138,0.0133363681956008,0.4888245772185087
ENSG00000265728,-0.0025363834530709,0.0025363834530709,1.0247776109269422,0.0348807322920848,0.4888245772185087
ENSG00000254837,0.0023628839462705,0.0023628839462705,1.09458912359765,0.0212024928011725,0.4888245772185087
ENSG00000231249,-0.0023172036663663,0.0023172036663663,1.5127094486551311,0.008569180699042,0.4888245772185087
ENSG00000259319,-0.0022926301897522,0.0022926301897522,1.055370829505177,0.0174772171230966,0.4888245772185087
ENSG00000234284,0.002095381430724,0.002095381430724,1.0545176842797517,0.0211917780214789,0.4888245772185087
ENSG00000058335,0.0019954439549161,0.0019954439549161,1.6027349939813444,0.0143128912239888,0.4888245772185087
ENSG00000247134,-0.0019921554404991,0.0019921554404991,1.0641158701712063,0.0496606653876182,0.4888245772185087
ENSG00000198363,0.0019597685382703,0.0019597685382703,1.0948628178363569,0.0056358407203639,0.4888245772185087
ENSG00000196074,-0.0019593618265327,0.0019593618265327,1.8132297795710437,0.0043610202021376,0.4888245772185087
ENSG00000163536,-0.0016722656318328,0.0016722656318328,1.058741005713367,0.0375896513305614,0.4888245772185087
ENSG00000118276,-0.0014212804086502,0.0014212804086502,1.679071159433438,0.0144516098754826,0.4888245772185087
ENSG00000218809,-0.0012449415200258,0.0012449415200258,1.2350225352377997,0.0152614819955335,0.4888245772185087
ENSG00000215447,-0.0011929616742766,0.0011929616742766,1.253706588218228,0.0171245120169206,0.4888245772185087
ENSG00000236242,0.0010667320710462,0.0010667320710462,1.0376866380056426,0.0497701738697827,0.4888245772185087
ENSG00000058091,0.0010406169060192,0.0010406169060192,1.0505053724131077,0.0113469008104465,0.4888245772185087
ENSG00000115239,-0.0009829954203095,0.0009829954203095,1.1663653251823356,0.0134443354219809,0.4888245772185087
ENSG00000249863,-0.00091198041005,0.00091198041005,1.438316687351207,0.0058305482146558,0.4888245772185087
ENSG00000259668,-0.0007716485567089,0.0007716485567089,1.418473804109551,0.0148699832690029,0.4888245772185087
ENSG00000009694,-0.0006778725327755,0.0006778725327755,1.306514133949456,0.0084485041208556,0.4888245772185087
ENSG00000198673,-0.0006163028158709,0.0006163028158709,1.0596356449214177,0.0274015891546212,0.4888245772185087
ENSG00000182308,0.0003939355325906,0.0003939355325906,1.0955187083347937,0.0263866123963786,0.4888245772185087
ENSG00000175087,-0.0002197389363166,0.0002197389363166,1.0527444365600012,0.0185400316396468,0.4888245772185087
ENSG00000250312,0.0002159934883278,0.0002159934883278,1.0321690674039772,0.0227351169355273,0.4888245772185087
ENSG00000152926,-4.7365672688681056e-05,4.7365672688681056e-05,1.2874184918769451,0.0072618049884483,0.4888245772185087
